Workbook
Name ActionStatus: [1]Settings!$A$2:$A$3
Name Author: 'Cover sheet'!$D$10
Name Author_Dept: 'Cover sheet'!$D$11
Name Date: 'Cover sheet'!$D$12
Name Document_Name: 'Cover sheet'!$D$4
Name Excel_BuiltIn_Print_Area_1_1: #REF!
Name Excel_BuiltIn_Print_Area_1_1: #REF!
Name Excel_BuiltIn_Print_Area_1_1: #REF!
Name Excel_builtin_print_area_1_2: #REF!
Name Excel_builtin_print_area_1_2: #REF!
Name ProductFailureRate: 'Block Failure Rate'!#REF!
Name ProductFailureRate: 'Block Failure Rate'!#REF!
Name Project_Name: 'Cover sheet'!$D$9
Name ReviewStatus: [1]Settings!$C$2:$C$4
Name SMX: Table3['#]
Name SMX: Table3['#]
Name SMX: Table3['#]
Name SMY: Table3['#]
Name SMY: Table3['#]
Name Status: 'Cover sheet'!$D$8
Name Status: #REF!
Name Status: #REF!
Name Status: #REF!
Name Status1: #REF!
Name Status1: #REF!
Name Status1: #REF!
Name Tlifetime: Metrics_summary!$C$10

Sheet Cover sheet
B1: FS6500_FS1b_Dynamic_FMEDA
B3: Document references:
B4: Document Name | D4: FS6500_FS1b_Dynamic_FMEDA
B5: Part Numbers covered | D5: All part numbers listed in MC33FS6500-MC33FS4500 datasheet
B6: Silicon Version | D6: N84R
B7: Document Version | D7: V1.3
B8: Status | D8: Reviewed
B9: Project Name | D9: FS6500
B10: Author / UID | D10: Maxime CLAIRET
B11: Author’s dept | D11: Advance Analog Automotive
B12: Date (mm/dd/yyyy) | D12: 42982
B14: Reviewer / Approver List:
C15: Name | D15: User ID | E15: Function | F15: Approval date (mm/dd/yyyy)
B17: Reviewer 1 | C17: Philippe Mounier | D17: TTT534 | E17: System Architecte | F17: 42614
B18: Reviewer 2 | C18: Pierre Turpin | D18: R23671 | E18: Design Leader | F18: 42608
B19: Reviewer 3 | C19: Jean-Philippe Meunier | D19: R49478 | E19: System Architecte | F19: 42614
B20: Reviewer 4 | C20: Valerie Bernon | D20: R40959 | E20: Functional Safety Manager | F20: 42608
B21: Approver 1 | C21: Franck Guillen | D21: R38682 | E21: Project Manager | F21: 42614
B23: NXP CONFIDENTIAL PROPRIETARY
B24: All Rights Reserved. Presence of copyright notice is not an acknowledgement of publication.

Sheet Change History
B2: Change History
B3: Version | C3: Date | D3: Author | E3: Changes description
B4: 0.1 | C4: 42280 | D4: Maxime CLAIRET | E4: - Initial version
B5: 0.2 | C5: 42311 | D5: Maxime CLAIRET | E5: - Add FMEDA_PWRUP - All block die size increased by +5% to take into account new pad ring
B6: 0.3 | C6: 03/27/2015 | D6: Maxime CLAIRET | E6: - Update to 53 FIT with RTH(ja)=30°C/W - Reintroduce IO_4/5 External IC error monitoring - Add Metrics summary sheet - Correct PMHF formula
B7: 0.4 | C7: 42190 | D7: Maxime CLAIRET | E7: - Update/Correction following first review meeting
B8: 0.5 | C8: 42041 | D8: Maxime CLAIRET | E8: - Correction of PMHF calculation
B9: 0.6 | C9: 42069 | D9: Maxime CLAIRET | E9: - Correct "." decimal issue in block failure rate sheet - Align traceability to Safety Concept - Align FIT rate number to Failure rate evaluation report
B10: 0.7 | C10: 42499 | D10: Maxime CLAIRET | E10: - Update with Safety Manual tag traceability
B11: 1.0 | C11: 42608 | D11: Maxime CLAIRET | E11: - Verification review
B12: 1.1 | C12: 42639 | D12: Maxime CLAIRET | E12: - Update traceability vs Safety Context and Concept following ISO26262 assessment
B13: 1.2 | C13: 42676 | D13: Maxime CLAIRET | E13: - Add easy FS1b selection in "Safety Mechanisms"sheet
B14: 1.3 | C14: 42982 | D14: Maxime CLAIRET | E14: - Update FS1b selection in "Safety Mechanisms"sheet - Add IO_45 External IC Error monitoring selection in "Safety Mechanisms"sheet
B18: Related Documents
B19: N° | D19: Revision | E19: Title
B20: U1 | D20: 1.3 | E20: 1 - Safety Context (DOORS)
B21: U2 | D21: 1.3 | E21: 2 - Safety Concept (DOORS)
B22: U3 | D22: 2.0 | E22: doc_FS6500_Failure_Rate_Evaluation

Sheet User guide
B3: The Dynamic FMEDA consists of a single xlsx file having several sheets and it provides the Failure Mode Effect and Diagnostics Analysis (FMEDA) with the ISO26262 Metrics calculation.
B4: This particular User Guide sheet describes the definition of each spreadsheet located in this document.
B5: The Dynamic FMEDA is an example of the result of the safety analysis performed for the context of use of the PowerSBCLIN using the mission profile described below and when applying all recommendations and assumptions mentioned in the associated safety manual.
B9: Mission profile
B26: Block Failure Rate
B28: The table defines the list of the Function Block partitioning of the FS65_FS45 product family.
B29: For each Function Block the failure rate is calculated.
B30: The Block reference for each function block is extracted from the device internal block diagram (refer to the left figure below)
B31: A generic application example is also provided to ease the understanding (refer to teh right figure below)
B32: The total failure rate of the die is calculated with the IEC62380 TR Standard Model (refer to Failure Rate Evaluation document) and distributed per function based on their representative die size
B34: Block | C34: Function | D34: % | E34: Quality failure rate | F34: Block Failure Rate | G34: Total Function Failure Rate
A35: Eg: | B35: Vcore Analog Reference #1 Charge Pump Power Management state machine | C35: Vcore | D35: ='Block Failure Rate'!D4 -> 0.16701097 | E35: 1.86 | F35: 1.86 | G35: ='Block Failure Rate'!E4 -> 8.9517883
B37: Internal Block Diagram | H37: Generic Application Example | M37: FS65 pin out
B88: Safety Functions
B90: The table defines the list of the Safety Functions which are indicated in the FMEDA and can violate a safety goal in case of failure.
B91: The Safety Function is described and illustrated with an example when the safety goal associated is violated.
B92: The Safety Goals are defined in the Safety Concept.
B94: Safety Concept Requirement | C94: Mode | D94: Technical ssumption considered as violating the safety goal | G94: Example | H94: Safety Mechanism | I94: SPF/LF
A95: Eg: | B95: ='Safety Functions'!A4 -> FS6500_SAF37 | C95: ='Safety Functions'!C4 -> Operation mode | D95: ='Safety Functions'!D4 -> The failure modes considered for a voltage regulator (linear or DCDC converter) is the “over-voltage” and the “under-voltage” | G95: ='Safety Functions'!E4 -> An over voltage at Vcore Pin not detected could involved a MCU damage leading abnormal behavior leading the violation of system safety goals | H95: ='Safety Functions'!F4 -> SM1, SM2, SM3 | I95: ='Safety Functions'!G4 -> SPF
B100: Safety Mechanisms
B102: The table defines the list of the Safety Mechanism which are implemented and available for the diagnostic of the failure modes.
B103: The SMx are Safety Mechanism at device level while SMAx are Safety Mechanism at application level.
B104: The Safety Mechanism available is described, referenced to ISO26262 Part5 AnnexD.
B105: According to the ISO26262 Part5 AnnexD the level of Diagnostic Coverage is reported (High, Medium, Low) as well as the percentage of Diagnostic Coverage.
B107: # | C107: Safety mechanism | D107: § ISO 26262 | E107: Level of Diagnostic coverage | F107: Used? | G107: Level of Diagnostic coverage | H107: Used? | I107: DC (%)
A108: Eg: | B108: ='Safety Mechanisms'!A3 -> SM1 | C108: ='Safety Mechanisms'!B3 -> Voltage supervisor (Monitoring of voltage) Overvoltage detection | D108: ='Safety Mechanisms'!C3 -> D.2.8.2 | E108: High | F108: Yes | G108: ='Safety Mechanisms'!D3 -> High | H108: ='Safety Mechanisms'!E3 -> Yes | I108: ='Safety Mechanisms'!F3 -> 0.99
B112: Extract from Part5 Annex D:
B122: FMEDA
B124: The method to perform the FMEDA is the one described in the ISO26262 Part5 Annex F.
B126: The product propose 3 modes of operation:
B127: POWER UP
B128: OPERATION
B129: LPOFF (equivalent to a sleep mode)
B130: See below for the Simplified state diagram extracted from the Datasheet.
B132: In POWER UP and LPOFF modes, the product is in Safe State by default. Most of the Failures have no direct impact. Since all the power supplies are OFF in LPOFF, this mode is not analyzed.
B134: Refer to FMEDA_OP sheet for the OPERATION mode and FMEDA_PWRUP for power up mode.
B136: Simplified State Diagram from Datasheet
B184: FMEDA additional comments
... B204: - Reactivation (or Stuck-at) of the Debug mode function (The watchdog is inhibited, DeepFailSafe state not available) => It is a Latent fault, it will be detected at the next startup thru LBIST/ABIST sequences

Sheet Simplified Functional Block
C4: Simplified Functional Blocks
C6: 1.1 Main high level functions
C7: · Switching Mode Power Supply (SMPS) dedicated to MCU core supply from 1.2V to 5V range selectable thru external resistor bridge. (Vcore Regulation)
C9: · Vcore external resistor bridge monitoring thru FCRBM (FB_Core monitoring)
C11: · Flexible SMPS pre-regulator allowing Non-inverting Buck-Boost or Standard Buck Configuration. Overall device efficiency improvement. (Buck/Boost selection) | S11: The FIT of external resistors is not taken into account in the FMEDA.
C13: · 5V / 3.3V Linear voltage regulator dedicated to MCU I/Os supply with external PNP transistor detection. (VCCA Regulation; Hw Config Selection, Hw config VCCA pnp detect)
C15: · 5V / 3.3V Linear voltage regulator dedicated to auxiliary functions or sensor supply (5V tracking Vcca). (Vaux Regulation, Hw Config Selection)
C17: · Enhanced Main state Machine for Power Management featuring. (Power Management State machine)
C19: · Multiple IOs interface for FCCU MCU monitoring, Vcore resistor bridge monitoring and wake-up. (IOs interface, I/Os - MCU error monitoring, I/Os - Wake-up, FCRBM)
C21: · Dedicated Voltage Supervisor for Vcore, VCCA, VAUX, CAN 5V, dedicated Internal Analog References and Internal Logic supplies. (Voltage Supervisor (UV and/or OV))
C23: · Enhanced Safety block with dedicated watchdog, SPI and Fail Safe outputs. (Fail Safe machine, SPI, Watchdog, Fail Safe Outputs Drivers)
C25: · Configurable digital I/Os used for cross-checking or MCU interface thru SPI registers. (I/Os Interfaces)
C27: · MUX output terminal for device internal analog signal monitoring and power supply monitoring. (AMUX)
C29: · ISO11898 high speed CAN FD interface compatibility for baud rates of 40kb/s to 2Mb/s. (CAN Phy & CAN_5V)
C31: · LIN Interface (LIN Phy)
C33: · Debug hardware mode featuring. ( Debug)
B37: Vcore Regulation Example
B70: Fonctional Block | C70: Embedded Blocks | D70: Die Size | E70: % | F70: Block Failure Rate
B71: Vcore Regulation | C71: Analog Reference #1, Charge Pump Power Management state machine | D71: . | E71: ='Block Failure Rate'!D4 -> 0.16701097 | F71: ='Block Failure Rate'!E4 -> 8.9517883
B73: # | C73: Safety Requirements/Goal
B74: SR0001 | C74: The FS6500 shall supply the MCU within the specified range ( Safety Context/SRS document)
B76: # | C76: Safety Mechanism | D76: § ISO 26262 | E76: Level of Diagnostic coverage | F76: DC (%)
B77: SM1 | C77: Voltage supervisor (Monitoring of voltage) Overvoltage detection | D77: D.2.8.2 | E77: High | F77: 0.99 | H77: All Failure mechanisms create an UnderVoltage or Over Voltage detected by the Voltage Supervisor and then enable the SM#1 or SM#2 safety mechanism.
B78: SM2 | C78: Voltage supervisor (Monitoring of voltage) Under voltage detection | D78: D.2.8.2 | E78: High | F78: 0.99
B80: # | C80: Failure Mechanism | D80: Safety mechanism
B81: FM1 | C81: Overvoltage | D81: SM1
B82: FM2 | C82: Under voltage | D82: SM2
B83: FM3 | C83: Drift on external resistor bridge | D83: SM3
B84: FM4 | C84: Voltage oscillation | D84: SM1&SM2
B85: FM5 | C85: Power spikes | D85: SM1&SM2
B86: FM6 | C86: Drift | D86: SM1&SM2
B87: FM7 | C87: FB_core pin shorted to Gnd | D87: SM2
B88: FM8 | C88: FB_core pin shorted to High | D88: SM1
B89: FM9 | C89: FB_core pin open | D89: SM2
B90: FM10 | C90: FB_core pin shorted to adjacent pin "comp_core" | D90: SM3
B91: FM11 | C91: FB_core pin shorted to adjacent pin "HW_select" | D91: SM3
... B95: FM218 | C95: 5 other Pins linked to Vcore regulation block shorted to adjacent | D95: SM1&SM2

Sheet Block Failure Rate
A1: Failure Rate from [U3]
A3: Function | B3: Block | C3: Die Size | D3: % | E3: Function failure rate | F3: Failure mode classification and justification
A4: Vcore | B4: Vcore regulation SMPS Analog Reference #1, Charge Pump Power Management state machine (including Test Mode) | C4: 2.587 | D4: =Table1[[#This Row],[Die Size]]/Table1[[#Totals],[Die Size]] -> 0.16701097 | E4: =Table1[[#Totals],[Function failure rate]]*Table1[[#This Row],[%]] -> 8.9517883 | F4: Single point Fault Direct violation of the safety goal.
A5: Vpre | B5: Vpre regulation SMPS Analog Reference #1, Charge Pump Power Management state machine | C5: 3.622 | D5: =Table1[[#This Row],[Die Size]]/Table1[[#Totals],[Die Size]] -> 0.23382828 | E5: =Table1[[#Totals],[Function failure rate]]*Table1[[#This Row],[%]] -> 12.533196 | F5: Single point Fault Direct violation of the safety goal.
A6: Vcca | B6: Vcca regulation linear Power Management State Machine Analog reference #1 | C6: 0.69 | D6: =Table1[[#This Row],[Die Size]]/Table1[[#Totals],[Die Size]] -> 0.044544868 | E6: =Table1[[#Totals],[Function failure rate]]*Table1[[#This Row],[%]] -> 2.3876049 | F6: Single point Fault Direct violation of the safety goal.
A7: Vaux | B7: Vaux regulation linear Power Management state machine Analog Reference #1 | C7: 0.69 | D7: =Table1[[#This Row],[Die Size]]/Table1[[#Totals],[Die Size]] -> 0.044544868 | E7: =Table1[[#Totals],[Function failure rate]]*Table1[[#This Row],[%]] -> 2.3876049 | F7: Single point Fault Direct violation of the safety goal.
A8: Voltage supervisor and FS bias | B8: Voltage supervisor, FS bias Analog Reference 2, Fail Safe State Machine | C8: 0.978 | D8: =Table1[[#This Row],[Die Size]]/Table1[[#Totals],[Die Size]] -> 0.063137508 | E8: =Table1[[#Totals],[Function failure rate]]*Table1[[#This Row],[%]] -> 3.3841704 | F8: Latent Fault Part of the safety mechanism and can't involved violation of the safety goal as a single point fault.
A9: Hardware configuration - Select | B9: Hardware configuration - Select Power Management State Machine, Fail Safe State Machine | C9: 0.081 | D9: =Table1[[#This Row],[Die Size]]/Table1[[#Totals],[Die Size]] -> 0.0052291801 | E9: =Table1[[#Totals],[Function failure rate]]*Table1[[#This Row],[%]] -> 0.28028405 | F9: Single point Fault Direct violation of the safety goal.
A10: Hardware configuration - buck/boost | B10: Hardware configuration - buck/boost Power Management State Machine | C10: 0.021 | D10: =Table1[[#This Row],[Die Size]]/Table1[[#Totals],[Die Size]] -> 0.0013557134 | E10: =Table1[[#Totals],[Function failure rate]]*Table1[[#This Row],[%]] -> 0.072666236 | F10: Single point Fault 1 failure mode can have a direct violation of the safety goal. Latent Fault 5 failure modes are Part of the safety mechanism and can't involved violation of the safety goal as a single point fault.
A11: Hardware configuration - Vcca_PNP detection | B11: Hardware configuration - Vcca_PNP detection Power Management State Machine | C11: 0.041 | D11: =Table1[[#This Row],[Die Size]]/Table1[[#Totals],[Die Size]] -> 0.0026468689 | E11: =Table1[[#Totals],[Function failure rate]]*Table1[[#This Row],[%]] -> 0.14187218 | F11: Single point Fault Direct violation of the safety goal.
A12: Fail Safe outputs - RSTb | B12: Fail Safe outputs - RSTb Fail Safe State Machine | C12: 0.367 | D12: =Table1[[#This Row],[Die Size]]/Table1[[#Totals],[Die Size]] -> 0.023692705 | E12: =Table1[[#Totals],[Function failure rate]]*Table1[[#This Row],[%]] -> 1.269929 | F12: Latent Fault Part of the safety mechanism and can't involved violation of the safety goal as a single point fault.
A13: Fail Safe outputs - FS0b | B13: Fail Safe outputs - FS0b Fail Safe State Machine | C13: 0.367 | D13: =Table1[[#This Row],[Die Size]]/Table1[[#Totals],[Die Size]] -> 0.023692705 | E13: =Table1[[#Totals],[Function failure rate]]*Table1[[#This Row],[%]] -> 1.269929 | F13: Latent Fault Part of the safety mechanism and can't involved violation of the safety goal as a single point fault.
A14: Fail Safe outputs - FS1b | B14: Fail Safe outputs - FS1b VPU_FS circuit Fail Safe State Machine | C14: 0.387 | D14: =Table1[[#This Row],[Die Size]]/Table1[[#Totals],[Die Size]] -> 0.024983861 | E14: =Table1[[#Totals],[Function failure rate]]*Table1[[#This Row],[%]] -> 1.3391349 | F14: Latent Fault Part of the safety mechanism and can't involved violation of the safety goal as a single point fault.
A15: Long Duration Timer - LDT | B15: Power Management State Machine | C15: 0.11 | D15: =Table1[[#This Row],[Die Size]]/Table1[[#Totals],[Die Size]] -> 0.0071013557 | E15: =Table1[[#Totals],[Function failure rate]]*Table1[[#This Row],[%]] -> 0.38063267 | F15: Not safety related. Long Duration Timer does not impact the service functions, All other safety mechanism and reactions remain functional.
... A27: Debug | B27: Debug | C27: 0.062 | D27: =Table1[[#This Row],[Die Size]]/Table1[[#Totals],[Die Size]] -> 0.0040025823 | E27: =Table1[[#Totals],[Function failure rate]]*Table1[[#This Row],[%]] -> 0.21453841 | F27: Latent Fault Debug mode activation does not impact the service functions. WD monitoring and Deep Fail Safe are disable. All other safety mechanism and reactions remain functional.
A28: Test Mode for Power Management State Machine | B28: Power Management State Machine | C28: - | D28: - | E28: - | F28: Latent Fault Fit included in PowerManagement State Machine repartition
A29: Test Mode for Fail Safe State Machine | B29: Fail Safe State Machine | C29: - | D29: - | E29: - | F29: Latent Fault Fit included in Fail Safe State Machine repartition
A30: Fuse 1 | B30: Power Management State Machine | C30: - | D30: - | E30: - | F30: Single Point fault Fit included in Power Management State Machine repartition
A31: Fuse 2 | B31: Fail Safe State Machine (Clock) Voltage supervisor (Bandgap) | C31: - | D31: - | E31: - | F31: Latent Fault Fit included in Fail Safe State Machine repartition
A32: EDC for Power Management State Machine | B32: Power Management State Machine | C32: - | D32: - | E32: - | F32: Single Point fault Fit included in Power Management State Machine repartition
A33: EDC for Fail Safe State Machine | B33: Fail Safe State Machine | C33: - | D33: - | E33: - | F33: Latent Fault Fit included in Fail Safe State Machine repartition
A34: Total | C34: =SUBTOTAL(109,Table1[Die Size]) -> 15.49 | D34: =SUBTOTAL(109,Table1[%]) -> 1 | E34: =E36 -> 53.6
E36: 53.6

Sheet System Assumptions
A1: System Assumptions from [U1]
A3: System Assumptions | B3: Assumptions | C3: Safety Manual Tag
A4: FS6500_SCX_117 | B4: The FS65_FS45 devices are used in application for which the “driving cycle” (i.e. the time of operation without a Power On Reset of the Fail Safe Machine) is 12 hours | C4: SMR_04
A5: FS6500_SCX_124 | B5: Simultaneous pin disconnections (i.e. pin lift on the PCB) are restricted to 1. | C5: SMR_12
A6: FS6500_SCX_155 | B6: Short-circuit between PCB track is NOT considered | C6: SMR_14
A7: FS6500_SCX_156 | B7: External component disconnection is NOT considered | C7: SMR_15

Sheet Safety Functions
A1: Safety Functions from [U2]
A3: Safety Concept Requirement | B3: Safety Goal | C3: Mode | D3: Technical assumption considered as violating the safety goal | E3: Example | F3: Safety Mechanism | G3: SPF/LF | H3: Safety Manual Tag
A4: FS6500_SAF37 | B4: SC0006 | C4: Operation mode | D4: The failure modes considered for a voltage regulator (linear or DCDC converter) is the “over-voltage” and the “under-voltage” | E4: An over voltage at Vcore Pin not detected could involved a MCU damage leading abnormal behavior leading the violation of system safety goals | F4: SM1, SM2, SM3 | G4: SPF | H4: TSR_02, TSR_03, TSR_04
A5: FS6500_SAF90 | B5: SC0015 | C5: Operation mode | D5: The failure mode considered for the windowed watchdog is the impossibility to detect the MCU malfunction in the Fault Tolerant Time Interval | E5: A time out issue could lead to the violation of system safety goals | F5: SM4 | G5: LF | H5: TSR_05, TSR_06, TSR_07
A6: FS6500_SAF110 | B6: SC0019 | C6: Operation mode | D6: The failure mode to be considered for the MCU error output monitoring is the impossibility to detect MCU malfunction | E6: A FCCU fault not detected could lead to the violation of system safety goals | F6: SM6 | G6: LF | H6: TSR_08, TSR_09
A7: FS6500_SAF131 | B7: SC0038 | C7: Operation mode | D7: The failure mode to be considered for the Fail Safe outputs pins (FS0b and FS1b) is the “stuck-at” | E7: Fail safe output stucked as high level (active low) could lead to the violation of the system safety goals | F7: SM5, SMA2, SMA3 | G7: LF | H7: TSR_12
A8: FS6500_SAF139 | B8: SC0104 | C8: Operation mode | D8: The failure mode to be considered for the FS1b pins is the impossibility to guarantee and achieved the delay between the two Fail Safe outputs (FS0b and FS1b) | E8: FS1b activated before FS0b could lead to the violation of the system safety goals (when FS1b configured in tdelay mode) | F8: SM9 | G8: LF | H8: TSR_12
A9: FS6500_SAF184 | B9: SC0108 | C9: Operation mode | D9: The failure mode to be considered for the external IC error monitoring is the impossibility to bring the system in fail safe state when a safety function error (other than MCU) is reported and not handled by MCU itself. | E9: External IC error not detected could lead to the violation of the system safety goals | F9: SM10, SMA5 | G9: LF | H9: TSR_10, TSR_11
A10: FS6500_SAF181 | B10: SC0106 | C10: Power up mode | D10: Power Up mode is defined as state between Fail Safe logic POR and Reset release. In this mode, the device is in Safe State by default (RSTb, FS0b and FS1b are asserted Low) | E10: - | F10: - | G10: - | H10: -
A11: FS6500_SAF182 | B11: SC0107 | C11: LPOFF mode | D11: Low Power OFF mode is defined as state where all power supplies are turned OFF, and Fail Safe logic is unpowered. In this mode, the device is in Safe State by default (RSTb, FS0b and FS1b are asserted Low). | E11: - | F11: - | G11: - | H11: -

Sheet Safety Mechanisms
A1: # | B1: Safety mechanism | C1: § ISO 26262 | D1: Level of Diagnostic coverage | E1: Used? | F1: DC (%) | G1: Safety Manual Tag | H1: Comment
A2: - | B2: Not applicable | C2: - | D2: - | E2: - | F2: =IF(Table3[[#This Row],[Used?]]="Yes",IF(Table3[[#This Row],[Level of Diagnostic coverage]]="High",0.99, IF(Table3[[#This Row],[Level of Diagnostic coverage]]="Medium",0.9, IF(Table3[[#This Row],[Level of Diagnostic coverage]]="Low",0.6, 0))),0) -> 0
A3: SM1 | B3: Voltage supervisor (Monitoring of voltage) Overvoltage detection | C3: D.2.8.2 | D3: High | E3: Yes | F3: =IF(Table3[[#This Row],[Used?]]="Yes",IF(Table3[[#This Row],[Level of Diagnostic coverage]]="High",0.99, IF(Table3[[#This Row],[Level of Diagnostic coverage]]="Medium",0.9, IF(Table3[[#This Row],[Level of Diagnostic coverage]]="Low",0.6, 0))),0) -> 0.99 | G3: SMR_19 SMR_22 SMR_24
A4: SM2 | B4: Voltage supervisor (Monitoring of voltage) Undervoltage detection | C4: D.2.8.2 | D4: High | E4: Yes | F4: =IF(Table3[[#This Row],[Used?]]="Yes",IF(Table3[[#This Row],[Level of Diagnostic coverage]]="High",0.99, IF(Table3[[#This Row],[Level of Diagnostic coverage]]="Medium",0.9, IF(Table3[[#This Row],[Level of Diagnostic coverage]]="Low",0.6, 0))),0) -> 0.99 | G4: SMR_19 SMR_22 SMR_24
A5: SM1&SM2 | B5: Voltage supervisor (Monitoring of voltage) | C5: D.2.8.2 | D5: High | E5: Yes | F5: =IF(Table3[[#This Row],[Used?]]="Yes",IF(Table3[[#This Row],[Level of Diagnostic coverage]]="High",0.99, IF(Table3[[#This Row],[Level of Diagnostic coverage]]="Medium",0.9, IF(Table3[[#This Row],[Level of Diagnostic coverage]]="Low",0.6, 0))),0) -> 0.99 | G5: SMR_19 SMR_22 SMR_24
A6: SM3 | B6: FB_core monitoring (Monitoring of voltage) Overvoltage and Undervoltage detections | C6: D.2.8.2 | D6: High | E6: Yes | F6: =IF(Table3[[#This Row],[Used?]]="Yes",IF(Table3[[#This Row],[Level of Diagnostic coverage]]="High",0.99, IF(Table3[[#This Row],[Level of Diagnostic coverage]]="Medium",0.9, IF(Table3[[#This Row],[Level of Diagnostic coverage]]="Low",0.6, 0))),0) -> 0.99 | G6: SMR_20
A7: SM4 | B7: Watchdog | C7: D.2.7.6, D.2.7.7, D.2.7.8 | D7: High | E7: Yes | F7: =IF(Table3[[#This Row],[Used?]]="Yes",IF(Table3[[#This Row],[Level of Diagnostic coverage]]="High",0.99, IF(Table3[[#This Row],[Level of Diagnostic coverage]]="Medium",0.9, IF(Table3[[#This Row],[Level of Diagnostic coverage]]="Low",0.6, 0))),0) -> 0.99 | G7: SMR_29
A8: SM5 | B8: Voltage supervisor (Monitoring of output voltage) logical level | C8: D.2.6.4 | D8: High | E8: Yes | F8: =IF(Table3[[#This Row],[Used?]]="Yes",IF(Table3[[#This Row],[Level of Diagnostic coverage]]="High",0.99, IF(Table3[[#This Row],[Level of Diagnostic coverage]]="Medium",0.9, IF(Table3[[#This Row],[Level of Diagnostic coverage]]="Low",0.6, 0))),0) -> 0.99 | G8: Chapter 5.6.1 Chapter 5.7.3
A9: SM6 | B9: Input comparison/voting | C9: D.2.6.5 | D9: High | E9: Yes | F9: =IF(Table3[[#This Row],[Used?]]="Yes",IF(Table3[[#This Row],[Level of Diagnostic coverage]]="High",0.99, IF(Table3[[#This Row],[Level of Diagnostic coverage]]="Medium",0.9, IF(Table3[[#This Row],[Level of Diagnostic coverage]]="Low",0.6, 0))),0) -> 0.99 | G9: SMR_26 SMR_27
A10: SM7 | B10: Majority voter (triplication) | C10: D.2.1.3 | D10: High | E10: Yes | F10: =IF(Table3[[#This Row],[Used?]]="Yes",IF(Table3[[#This Row],[Level of Diagnostic coverage]]="High",0.99, IF(Table3[[#This Row],[Level of Diagnostic coverage]]="Medium",0.9, IF(Table3[[#This Row],[Level of Diagnostic coverage]]="Low",0.6, 0))),0) -> 0.99 | G10: SMR_30
A11: SM8 | B11: Error Detection Correction Code (EDC) | C11: D.2.4.1 | D11: Low | E11: Yes | F11: =IF(Table3[[#This Row],[Used?]]="Yes",IF(Table3[[#This Row],[Level of Diagnostic coverage]]="High",0.99, IF(Table3[[#This Row],[Level of Diagnostic coverage]]="Medium",0.9, IF(Table3[[#This Row],[Level of Diagnostic coverage]]="Low",0.6, 0))),0) -> 0.6 | G11: SMR_16
A12: SM9 | B12: HW redundancy (FS1b back up delay) | C12: D.2.3.6 | D12: High | E12: Yes | F12: =IF(Table3[[#This Row],[Used?]]="Yes",IF(Table3[[#This Row],[Level of Diagnostic coverage]]="High",0.99, IF(Table3[[#This Row],[Level of Diagnostic coverage]]="Medium",0.9, IF(Table3[[#This Row],[Level of Diagnostic coverage]]="Low",0.6, 0))),0) -> 0.99 | G12: SMR_37 | H12: Select Yes for Part number with FS1b Select No for Part number without FS1b
A13: SM10 | B13: Information redundancy / Frame counter / Timeout monitoring | C13: D.2.7.6, D.2.7.7, D.2.7.8 | D13: High | E13: Yes | F13: =IF(Table3[[#This Row],[Used?]]="Yes",IF(Table3[[#This Row],[Level of Diagnostic coverage]]="High",0.99, IF(Table3[[#This Row],[Level of Diagnostic coverage]]="Medium",0.9, IF(Table3[[#This Row],[Level of Diagnostic coverage]]="Low",0.6, 0))),0) -> 0.99 | G13: SMR_28 | H13: Select Yes if IO_45 External IC Error monitoring is used Select No if IO_45 External IC Error monitoring is not used
A14: SMA1 | B14: Read HW_Config SPI register and extract Vcca_HW, Vaux_HW, LS_detect, DBG_HW and DFS_HW1/2 configuration bits to compare with expected values before releasing Fail Safe path | C14: - | D14: High | E14: Yes | F14: =IF(Table3[[#This Row],[Used?]]="Yes",IF(Table3[[#This Row],[Level of Diagnostic coverage]]="High",0.99, IF(Table3[[#This Row],[Level of Diagnostic coverage]]="Medium",0.9, IF(Table3[[#This Row],[Level of Diagnostic coverage]]="Low",0.6, 0))),0) -> 0.99 | G14: Vcca_HW -> SMR_21 Vaux_HW -> SMR_23 LS_detect -> SMR_17 DBG_HW -> SMR_41 DFS_HW1/2 -> SMR_40
A15: SMA2 | B15: Software FS0b request to verify the good activation of FS0b before starting the application | C15: - | D15: High | E15: Yes | F15: =IF(Table3[[#This Row],[Used?]]="Yes",IF(Table3[[#This Row],[Level of Diagnostic coverage]]="High",0.99, IF(Table3[[#This Row],[Level of Diagnostic coverage]]="Medium",0.9, IF(Table3[[#This Row],[Level of Diagnostic coverage]]="Low",0.6, 0))),0) -> 0.99 | G15: SMR_32
A16: SMA3 | B16: Software FS1b request to verify the good activation of FS1b before starting the application | C16: - | D16: High | E16: Yes | F16: =IF(Table3[[#This Row],[Used?]]="Yes",IF(Table3[[#This Row],[Level of Diagnostic coverage]]="High",0.99, IF(Table3[[#This Row],[Level of Diagnostic coverage]]="Medium",0.9, IF(Table3[[#This Row],[Level of Diagnostic coverage]]="Low",0.6, 0))),0) -> 0.99 | G16: SMR_35 | H16: Select Yes for Part number with FS1b Select No for Part number without FS1b
A17: SMA4 | B17: Verification of external Rpd/Cpd components connected to VPU_FS to guarantee FS1b back up delay | C17: - | D17: High | E17: Yes | F17: =IF(Table3[[#This Row],[Used?]]="Yes",IF(Table3[[#This Row],[Level of Diagnostic coverage]]="High",0.99, IF(Table3[[#This Row],[Level of Diagnostic coverage]]="Medium",0.9, IF(Table3[[#This Row],[Level of Diagnostic coverage]]="Low",0.6, 0))),0) -> 0.99 | G17: SMR_37 | H17: Select Yes for Part number with FS1b Select No for Part number without FS1b
A18: SMA5 | B18: Verify the good activation of FS0b before starting the application with IO_4/5 configured safety critical | C18: - | D18: High | E18: Yes | F18: =IF(Table3[[#This Row],[Used?]]="Yes",IF(Table3[[#This Row],[Level of Diagnostic coverage]]="High",0.99, IF(Table3[[#This Row],[Level of Diagnostic coverage]]="Medium",0.9, IF(Table3[[#This Row],[Level of Diagnostic coverage]]="Low",0.6, 0))),0) -> 0.99 | G18: SMR_28 | H18: Select Yes if IO_45 External IC Error monitoring is used Select No if IO_45 External IC Error monitoring is not used
A19: ABIST & LBIST | B19: Analog and Logical BuitIn Self Test | C19: - | D19: Low | E19: Yes | F19: =IF(Table3[[#This Row],[Used?]]="Yes",IF(Table3[[#This Row],[Level of Diagnostic coverage]]="High",0.99, IF(Table3[[#This Row],[Level of Diagnostic coverage]]="Medium",0.9, IF(Table3[[#This Row],[Level of Diagnostic coverage]]="Low",0.6, 0))),0) -> 0.6 | G19: LBIST & ABIST1 -> SMR_38 ABIST2 -> SMR_39

Sheet FMEDA_OP
O1: SPFM = | P1: =1-Table2[[#Totals],[Residual of single point fault failure rate/FIT]]/Table2[[#Totals],[λSR]] -> 0.99323435 | U1: LFM = | V1: =1-(Table2[[#Totals],[Latent multiple point fault failure rate/FIT]]/((Table2[[#Totals],[λSR]])-Table2[[#Totals],[Residual of single point fault failure rate/FIT]])) -> 0.96881438
A2: # | B2: Function | C2: Function Description | D2: Product pins linked to Block (PinFMEA Link) | E2: Block identification linked to block | F2: λ | G2: Failure mode | H2: Failure mode that has the potential to violate the safety goal in absence of safety mechanism? | I2: Safety Requirement Violated | J2: Failure rate distribution | K2: Failure mode rate | L2: Applicable Safety mechanism | M2: Safety Mechanism(s) allowing to prevent the failure mode from violating the safety goals | N2: §ISO 26262 | O2: Failure mode coverage wrt. violation of safety goals | P2: Residual of single point fault failure rate/FIT | Q2: Failure mode that may lead to the violation of safety goals in combination with an independent failure of another block ? | R2: Safety Requirement Violated (Latent) | S2: Detection means ? Safety mechanism(s) allowing to prevent the failure mode from being latent ? | T2: Safety Mechanism(s) allowing to prevent the latent failure mode from violating the safety goals | U2: Failure mode coverage with respect to latent failures | V2: Latent multiple point fault failure rate/FIT | W2: Comments | X2: SR | Y2: λSR
A3: FM1 | B3: Vcore | C3: MCU core Supply | D3: FB_CORE Comp_core Vcore_sns VSW_core Boot_core Vpre DGND | E3: Analog Reference #1 Charge Pump Power Management state machine | F3: =VLOOKUP(Table2[Function], Table1[], 5, FALSE) -> 8.9517883 | G3: Overvoltage | H3: Yes | I3: SC0006 | J3: 0.098 | K3: =Table2[[#This Row],[λ]]*Table2[[#This Row],[Failure rate distribution]] -> 0.87727525 | L3: SM1 | M3: =VLOOKUP(Table2[[#This Row],[Applicable Safety mechanism]],Table3[],2,FALSE) -> Voltage supervisor (Monitoring of voltage) Overvoltage detection | N3: =VLOOKUP(Table2[[#This Row],[Applicable Safety mechanism]], Table3[], 3,FALSE) -> D.2.8.2 | O3: =VLOOKUP(Table2[[#This Row],[Applicable Safety mechanism]], Table3[], 6,FALSE) -> 0.99 | P3: =IF(Table2[[#This Row],[Failure mode that has the potential to violate the safety goal in absence of safety mechanism?]]="Yes", Table2[[#This Row],[Failure mode rate]]*(1-Table2[[#This Row],[Failure mode coverage wrt. violation of safety goals]]), 0) -> 0.0087727525 | Q3: No | V3: =IF(Table2[[#This Row],[Failure mode that may lead to the violation of safety goals in combination with an independent failure of another block ?]]="Yes",(1-Table2[[#This Row],[Failure mode coverage with respect to latent failures]])*Table2[[#This Row],[Failure mode rate]], 0) -> 0 | X3: Yes | Y3: =IF(Table2[[#This Row],[SR]]="Yes",Table2[[#This Row],[λ]], 0) -> 8.9517883
A4: FM2 | B4: Vcore | C4: MCU core Supply | F4: =VLOOKUP(Table2[Function], Table1[], 5, FALSE) -> 8.9517883 | G4: Under voltage | H4: Yes | I4: SC0006 | J4: 0.098 | K4: =Table2[[#This Row],[λ]]*Table2[[#This Row],[Failure rate distribution]] -> 0.87727525 | L4: SM2 | M4: =VLOOKUP(Table2[[#This Row],[Applicable Safety mechanism]],Table3[],2,FALSE) -> Voltage supervisor (Monitoring of voltage) Undervoltage detection | N4: =VLOOKUP(Table2[[#This Row],[Applicable Safety mechanism]], Table3[], 3,FALSE) -> D.2.8.2 | O4: =VLOOKUP(Table2[[#This Row],[Applicable Safety mechanism]], Table3[], 6,FALSE) -> 0.99 | P4: =IF(Table2[[#This Row],[Failure mode that has the potential to violate the safety goal in absence of safety mechanism?]]="Yes", Table2[[#This Row],[Failure mode rate]]*(1-Table2[[#This Row],[Failure mode coverage wrt. violation of safety goals]]), 0) -> 0.0087727525 | Q4: No | V4: =IF(Table2[[#This Row],[Failure mode that may lead to the violation of safety goals in combination with an independent failure of another block ?]]="Yes",(1-Table2[[#This Row],[Failure mode coverage with respect to latent failures]])*Table2[[#This Row],[Failure mode rate]], 0) -> 0 | Y4: =IF(Table2[[#This Row],[SR]]="Yes",Table2[[#This Row],[λ]], 0) -> 0
A5: FM3 | B5: Vcore | C5: MCU core Supply | F5: =VLOOKUP(Table2[Function], Table1[], 5, FALSE) -> 8.9517883 | G5: Drift on external resistor bridge | H5: Yes | I5: SC0006 | J5: 0 | K5: =Table2[[#This Row],[λ]]*Table2[[#This Row],[Failure rate distribution]] -> 0 | L5: SM3 | M5: =VLOOKUP(Table2[[#This Row],[Applicable Safety mechanism]],Table3[],2,FALSE) -> FB_core monitoring (Monitoring of voltage) Overvoltage and Undervoltage detections | N5: =VLOOKUP(Table2[[#This Row],[Applicable Safety mechanism]], Table3[], 3,FALSE) -> D.2.8.2 | O5: =VLOOKUP(Table2[[#This Row],[Applicable Safety mechanism]], Table3[], 6,FALSE) -> 0.99 | P5: =IF(Table2[[#This Row],[Failure mode that has the potential to violate the safety goal in absence of safety mechanism?]]="Yes", Table2[[#This Row],[Failure mode rate]]*(1-Table2[[#This Row],[Failure mode coverage wrt. violation of safety goals]]), 0) -> 0 | Q5: No | V5: =IF(Table2[[#This Row],[Failure mode that may lead to the violation of safety goals in combination with an independent failure of another block ?]]="Yes",(1-Table2[[#This Row],[Failure mode coverage with respect to latent failures]])*Table2[[#This Row],[Failure mode rate]], 0) -> 0 | Y5: =IF(Table2[[#This Row],[SR]]="Yes",Table2[[#This Row],[λ]], 0) -> 0
A6: FM4 | B6: Vcore | C6: MCU core Supply | F6: =VLOOKUP(Table2[Function], Table1[], 5, FALSE) -> 8.9517883 | G6: Voltage oscillation | H6: Yes | I6: SC0006 | J6: 0.098 | K6: =Table2[[#This Row],[λ]]*Table2[[#This Row],[Failure rate distribution]] -> 0.87727525 | L6: SM1&SM2 | M6: =VLOOKUP(Table2[[#This Row],[Applicable Safety mechanism]],Table3[],2,FALSE) -> Voltage supervisor (Monitoring of voltage) | N6: =VLOOKUP(Table2[[#This Row],[Applicable Safety mechanism]], Table3[], 3,FALSE) -> D.2.8.2 | O6: =VLOOKUP(Table2[[#This Row],[Applicable Safety mechanism]], Table3[], 6,FALSE) -> 0.99 | P6: =IF(Table2[[#This Row],[Failure mode that has the potential to violate the safety goal in absence of safety mechanism?]]="Yes", Table2[[#This Row],[Failure mode rate]]*(1-Table2[[#This Row],[Failure mode coverage wrt. violation of safety goals]]), 0) -> 0.0087727525 | Q6: No | V6: =IF(Table2[[#This Row],[Failure mode that may lead to the violation of safety goals in combination with an independent failure of another block ?]]="Yes",(1-Table2[[#This Row],[Failure mode coverage with respect to latent failures]])*Table2[[#This Row],[Failure mode rate]], 0) -> 0 | Y6: =IF(Table2[[#This Row],[SR]]="Yes",Table2[[#This Row],[λ]], 0) -> 0
A7: FM5 | B7: Vcore | C7: MCU core Supply | F7: =VLOOKUP(Table2[Function], Table1[], 5, FALSE) -> 8.9517883 | G7: Power spikes | H7: Yes | I7: SC0006 | J7: 0.098 | K7: =Table2[[#This Row],[λ]]*Table2[[#This Row],[Failure rate distribution]] -> 0.87727525 | L7: SM1&SM2 | M7: =VLOOKUP(Table2[[#This Row],[Applicable Safety mechanism]],Table3[],2,FALSE) -> Voltage supervisor (Monitoring of voltage) | N7: =VLOOKUP(Table2[[#This Row],[Applicable Safety mechanism]], Table3[], 3,FALSE) -> D.2.8.2 | O7: =VLOOKUP(Table2[[#This Row],[Applicable Safety mechanism]], Table3[], 6,FALSE) -> 0.99 | P7: =IF(Table2[[#This Row],[Failure mode that has the potential to violate the safety goal in absence of safety mechanism?]]="Yes", Table2[[#This Row],[Failure mode rate]]*(1-Table2[[#This Row],[Failure mode coverage wrt. violation of safety goals]]), 0) -> 0.0087727525 | Q7: No | V7: =IF(Table2[[#This Row],[Failure mode that may lead to the violation of safety goals in combination with an independent failure of another block ?]]="Yes",(1-Table2[[#This Row],[Failure mode coverage with respect to latent failures]])*Table2[[#This Row],[Failure mode rate]], 0) -> 0 | Y7: =IF(Table2[[#This Row],[SR]]="Yes",Table2[[#This Row],[λ]], 0) -> 0
A8: FM6 | B8: Vcore | C8: MCU core Supply | F8: =VLOOKUP(Table2[Function], Table1[], 5, FALSE) -> 8.9517883 | G8: Drift | H8: Yes | I8: SC0006 | J8: 0.098 | K8: =Table2[[#This Row],[λ]]*Table2[[#This Row],[Failure rate distribution]] -> 0.87727525 | L8: SM1&SM2 | M8: =VLOOKUP(Table2[[#This Row],[Applicable Safety mechanism]],Table3[],2,FALSE) -> Voltage supervisor (Monitoring of voltage) | N8: =VLOOKUP(Table2[[#This Row],[Applicable Safety mechanism]], Table3[], 3,FALSE) -> D.2.8.2 | O8: =VLOOKUP(Table2[[#This Row],[Applicable Safety mechanism]], Table3[], 6,FALSE) -> 0.99 | P8: =IF(Table2[[#This Row],[Failure mode that has the potential to violate the safety goal in absence of safety mechanism?]]="Yes", Table2[[#This Row],[Failure mode rate]]*(1-Table2[[#This Row],[Failure mode coverage wrt. violation of safety goals]]), 0) -> 0.0087727525 | Q8: No | V8: =IF(Table2[[#This Row],[Failure mode that may lead to the violation of safety goals in combination with an independent failure of another block ?]]="Yes",(1-Table2[[#This Row],[Failure mode coverage with respect to latent failures]])*Table2[[#This Row],[Failure mode rate]], 0) -> 0 | Y8: =IF(Table2[[#This Row],[SR]]="Yes",Table2[[#This Row],[λ]], 0) -> 0
A9: FM7 | B9: Vcore | C9: MCU core Supply | F9: =VLOOKUP(Table2[Function], Table1[], 5, FALSE) -> 8.9517883 | G9: FB_core pin shorted to GND | H9: Yes | I9: SC0006 | J9: 0.098 | K9: =Table2[[#This Row],[λ]]*Table2[[#This Row],[Failure rate distribution]] -> 0.87727525 | L9: SM2 | M9: =VLOOKUP(Table2[[#This Row],[Applicable Safety mechanism]],Table3[],2,FALSE) -> Voltage supervisor (Monitoring of voltage) Undervoltage detection | N9: =VLOOKUP(Table2[[#This Row],[Applicable Safety mechanism]], Table3[], 3,FALSE) -> D.2.8.2 | O9: =VLOOKUP(Table2[[#This Row],[Applicable Safety mechanism]], Table3[], 6,FALSE) -> 0.99 | P9: =IF(Table2[[#This Row],[Failure mode that has the potential to violate the safety goal in absence of safety mechanism?]]="Yes", Table2[[#This Row],[Failure mode rate]]*(1-Table2[[#This Row],[Failure mode coverage wrt. violation of safety goals]]), 0) -> 0.0087727525 | Q9: No | V9: =IF(Table2[[#This Row],[Failure mode that may lead to the violation of safety goals in combination with an independent failure of another block ?]]="Yes",(1-Table2[[#This Row],[Failure mode coverage with respect to latent failures]])*Table2[[#This Row],[Failure mode rate]], 0) -> 0 | Y9: =IF(Table2[[#This Row],[SR]]="Yes",Table2[[#This Row],[λ]], 0) -> 0
A10: FM8 | B10: Vcore | C10: MCU core Supply | F10: =VLOOKUP(Table2[Function], Table1[], 5, FALSE) -> 8.9517883 | G10: FB_core pin shorted to High | H10: Yes | I10: SC0006 | J10: 0.098 | K10: =Table2[[#This Row],[λ]]*Table2[[#This Row],[Failure rate distribution]] -> 0.87727525 | L10: SM1 | M10: =VLOOKUP(Table2[[#This Row],[Applicable Safety mechanism]],Table3[],2,FALSE) -> Voltage supervisor (Monitoring of voltage) Overvoltage detection | N10: =VLOOKUP(Table2[[#This Row],[Applicable Safety mechanism]], Table3[], 3,FALSE) -> D.2.8.2 | O10: =VLOOKUP(Table2[[#This Row],[Applicable Safety mechanism]], Table3[], 6,FALSE) -> 0.99 | P10: =IF(Table2[[#This Row],[Failure mode that has the potential to violate the safety goal in absence of safety mechanism?]]="Yes", Table2[[#This Row],[Failure mode rate]]*(1-Table2[[#This Row],[Failure mode coverage wrt. violation of safety goals]]), 0) -> 0.0087727525 | Q10: No | V10: =IF(Table2[[#This Row],[Failure mode that may lead to the violation of safety goals in combination with an independent failure of another block ?]]="Yes",(1-Table2[[#This Row],[Failure mode coverage with respect to latent failures]])*Table2[[#This Row],[Failure mode rate]], 0) -> 0 | Y10: =IF(Table2[[#This Row],[SR]]="Yes",Table2[[#This Row],[λ]], 0) -> 0
A11: FM9 | B11: Vcore | C11: MCU core Supply | F11: =VLOOKUP(Table2[Function], Table1[], 5, FALSE) -> 8.9517883 | G11: FB_core pin open | H11: Yes | I11: SC0006 | J11: 0.098 | K11: =Table2[[#This Row],[λ]]*Table2[[#This Row],[Failure rate distribution]] -> 0.87727525 | L11: SM3 | M11: =VLOOKUP(Table2[[#This Row],[Applicable Safety mechanism]],Table3[],2,FALSE) -> FB_core monitoring (Monitoring of voltage) Overvoltage and Undervoltage detections | N11: =VLOOKUP(Table2[[#This Row],[Applicable Safety mechanism]], Table3[], 3,FALSE) -> D.2.8.2 | O11: =VLOOKUP(Table2[[#This Row],[Applicable Safety mechanism]], Table3[], 6,FALSE) -> 0.99 | P11: =IF(Table2[[#This Row],[Failure mode that has the potential to violate the safety goal in absence of safety mechanism?]]="Yes", Table2[[#This Row],[Failure mode rate]]*(1-Table2[[#This Row],[Failure mode coverage wrt. violation of safety goals]]), 0) -> 0.0087727525 | Q11: No | V11: =IF(Table2[[#This Row],[Failure mode that may lead to the violation of safety goals in combination with an independent failure of another block ?]]="Yes",(1-Table2[[#This Row],[Failure mode coverage with respect to latent failures]])*Table2[[#This Row],[Failure mode rate]], 0) -> 0 | Y11: =IF(Table2[[#This Row],[SR]]="Yes",Table2[[#This Row],[λ]], 0) -> 0
A12: FM10 | B12: Vcore | C12: MCU core Supply | F12: =VLOOKUP(Table2[Function], Table1[], 5, FALSE) -> 8.9517883 | G12: FB_core pin shorted to adjacent pin "comp_core" | H12: Yes | I12: SC0006 | J12: 0.098 | K12: =Table2[[#This Row],[λ]]*Table2[[#This Row],[Failure rate distribution]] -> 0.87727525 | L12: SM3 | M12: =VLOOKUP(Table2[[#This Row],[Applicable Safety mechanism]],Table3[],2,FALSE) -> FB_core monitoring (Monitoring of voltage) Overvoltage and Undervoltage detections | N12: =VLOOKUP(Table2[[#This Row],[Applicable Safety mechanism]], Table3[], 3,FALSE) -> D.2.8.2 | O12: =VLOOKUP(Table2[[#This Row],[Applicable Safety mechanism]], Table3[], 6,FALSE) -> 0.99 | P12: =IF(Table2[[#This Row],[Failure mode that has the potential to violate the safety goal in absence of safety mechanism?]]="Yes", Table2[[#This Row],[Failure mode rate]]*(1-Table2[[#This Row],[Failure mode coverage wrt. violation of safety goals]]), 0) -> 0.0087727525 | Q12: No | V12: =IF(Table2[[#This Row],[Failure mode that may lead to the violation of safety goals in combination with an independent failure of another block ?]]="Yes",(1-Table2[[#This Row],[Failure mode coverage with respect to latent failures]])*Table2[[#This Row],[Failure mode rate]], 0) -> 0 | Y12: =IF(Table2[[#This Row],[SR]]="Yes",Table2[[#This Row],[λ]], 0) -> 0
A13: FM11 | B13: Vcore | C13: MCU core Supply | F13: =VLOOKUP(Table2[Function], Table1[], 5, FALSE) -> 8.9517883 | G13: FB_core pin shorted to adjacent pin "HW_select" | H13: Yes | I13: SC0006 | J13: 0.098 | K13: =Table2[[#This Row],[λ]]*Table2[[#This Row],[Failure rate distribution]] -> 0.87727525 | L13: SM2 | M13: =VLOOKUP(Table2[[#This Row],[Applicable Safety mechanism]],Table3[],2,FALSE) -> Voltage supervisor (Monitoring of voltage) Undervoltage detection | N13: =VLOOKUP(Table2[[#This Row],[Applicable Safety mechanism]], Table3[], 3,FALSE) -> D.2.8.2 | O13: =VLOOKUP(Table2[[#This Row],[Applicable Safety mechanism]], Table3[], 6,FALSE) -> 0.99 | P13: =IF(Table2[[#This Row],[Failure mode that has the potential to violate the safety goal in absence of safety mechanism?]]="Yes", Table2[[#This Row],[Failure mode rate]]*(1-Table2[[#This Row],[Failure mode coverage wrt. violation of safety goals]]), 0) -> 0.0087727525 | Q13: No | V13: =IF(Table2[[#This Row],[Failure mode that may lead to the violation of safety goals in combination with an independent failure of another block ?]]="Yes",(1-Table2[[#This Row],[Failure mode coverage with respect to latent failures]])*Table2[[#This Row],[Failure mode rate]], 0) -> 0 | Y13: =IF(Table2[[#This Row],[SR]]="Yes",Table2[[#This Row],[λ]], 0) -> 0
A14: FM12 | B14: Vcore | C14: MCU core Supply | F14: =VLOOKUP(Table2[Function], Table1[], 5, FALSE) -> 8.9517883 | G14: EDC failure in Power Management State Management | H14: No | I14: - | J14: 0.01 | K14: =Table2[[#This Row],[λ]]*Table2[[#This Row],[Failure rate distribution]] -> 0.089517883 | L14: - | M14: =VLOOKUP(Table2[[#This Row],[Applicable Safety mechanism]],Table3[],2,FALSE) -> Not applicable | N14: =VLOOKUP(Table2[[#This Row],[Applicable Safety mechanism]], Table3[], 3,FALSE) -> - | O14: =VLOOKUP(Table2[[#This Row],[Applicable Safety mechanism]], Table3[], 6,FALSE) -> 0 | P14: =IF(Table2[[#This Row],[Failure mode that has the potential to violate the safety goal in absence of safety mechanism?]]="Yes", Table2[[#This Row],[Failure mode rate]]*(1-Table2[[#This Row],[Failure mode coverage wrt. violation of safety goals]]), 0) -> 0 | Q14: No | V14: =IF(Table2[[#This Row],[Failure mode that may lead to the violation of safety goals in combination with an independent failure of another block ?]]="Yes",(1-Table2[[#This Row],[Failure mode coverage with respect to latent failures]])*Table2[[#This Row],[Failure mode rate]], 0) -> 0 | W14: Qualitative line. The quantification is spreaded in all the lines where Power Management State machine is involved. | Y14: =IF(Table2[[#This Row],[SR]]="Yes",Table2[[#This Row],[λ]], 0) -> 0
A15: FM13 | B15: Vcore | C15: MCU core Supply | F15: =VLOOKUP(Table2[Function], Table1[], 5, FALSE) -> 8.9517883 | G15: Fuse in Power Management State Machine failure | H15: No | I15: - | J15: 0.01 | K15: =Table2[[#This Row],[λ]]*Table2[[#This Row],[Failure rate distribution]] -> 0.089517883 | L15: - | M15: =VLOOKUP(Table2[[#This Row],[Applicable Safety mechanism]],Table3[],2,FALSE) -> Not applicable | N15: =VLOOKUP(Table2[[#This Row],[Applicable Safety mechanism]], Table3[], 3,FALSE) -> - | O15: =VLOOKUP(Table2[[#This Row],[Applicable Safety mechanism]], Table3[], 6,FALSE) -> 0 | P15: =IF(Table2[[#This Row],[Failure mode that has the potential to violate the safety goal in absence of safety mechanism?]]="Yes", Table2[[#This Row],[Failure mode rate]]*(1-Table2[[#This Row],[Failure mode coverage wrt. violation of safety goals]]), 0) -> 0 | Q15: No | V15: =IF(Table2[[#This Row],[Failure mode that may lead to the violation of safety goals in combination with an independent failure of another block ?]]="Yes",(1-Table2[[#This Row],[Failure mode coverage with respect to latent failures]])*Table2[[#This Row],[Failure mode rate]], 0) -> 0 | W15: Qualitative line. The quantification is spreaded in all the lines where Power Management State machine is involved. | Y15: =IF(Table2[[#This Row],[SR]]="Yes",Table2[[#This Row],[λ]], 0) -> 0
A16: FM14 | B16: Vcore | C16: MCU core Supply | D16: - | F16: =VLOOKUP(Table2[Function], Table1[], 5, FALSE) -> 8.9517883 | G16: - | H16: - | I16: - | J16: - | K16: - | L16: - | M16: - | N16: - | O16: - | P16: - | Q16: -
A17: FM15 | B17: Vpre | C17: Pre-regulator | D17: Vsup1 Vsup2 SW_pre1 SW_pre2 Boots_pre Gates_LS Vpre DGND | E17: Analog Reference #1 Charge Pump Power Management state machine | F17: =VLOOKUP(Table2[Function], Table1[], 5, FALSE) -> 12.533196 | G17: Overvoltage | H17: Yes | I17: SC0006 | J17: =1/8 -> 0.125 | K17: =Table2[[#This Row],[λ]]*Table2[[#This Row],[Failure rate distribution]] -> 1.5666495 | L17: SM1 | M17: =VLOOKUP(Table2[[#This Row],[Applicable Safety mechanism]],Table3[],2,FALSE) -> Voltage supervisor (Monitoring of voltage) Overvoltage detection | N17: =VLOOKUP(Table2[[#This Row],[Applicable Safety mechanism]], Table3[], 3,FALSE) -> D.2.8.2 | O17: =VLOOKUP(Table2[[#This Row],[Applicable Safety mechanism]], Table3[], 6,FALSE) -> 0.99 | P17: =IF(Table2[[#This Row],[Failure mode that has the potential to violate the safety goal in absence of safety mechanism?]]="Yes", Table2[[#This Row],[Failure mode rate]]*(1-Table2[[#This Row],[Failure mode coverage wrt. violation of safety goals]]), 0) -> 0.015666495 | Q17: No | V17: =IF(Table2[[#This Row],[Failure mode that may lead to the violation of safety goals in combination with an independent failure of another block ?]]="Yes",(1-Table2[[#This Row],[Failure mode coverage with respect to latent failures]])*Table2[[#This Row],[Failure mode rate]], 0) -> 0 | X17: Yes | Y17: =IF(Table2[[#This Row],[SR]]="Yes",Table2[[#This Row],[λ]], 0) -> 12.533196
A18: FM16 | B18: Vpre | C18: Pre-regulator | F18: =VLOOKUP(Table2[Function], Table1[], 5, FALSE) -> 12.533196 | G18: Under voltage | H18: No | I18: - | J18: =1/8 -> 0.125 | K18: =Table2[[#This Row],[λ]]*Table2[[#This Row],[Failure rate distribution]] -> 1.5666495 | L18: - | M18: =VLOOKUP(Table2[[#This Row],[Applicable Safety mechanism]],Table3[],2,FALSE) -> Not applicable | N18: =VLOOKUP(Table2[[#This Row],[Applicable Safety mechanism]], Table3[], 3,FALSE) -> - | O18: =VLOOKUP(Table2[[#This Row],[Applicable Safety mechanism]], Table3[], 6,FALSE) -> 0 | P18: =IF(Table2[[#This Row],[Failure mode that has the potential to violate the safety goal in absence of safety mechanism?]]="Yes", Table2[[#This Row],[Failure mode rate]]*(1-Table2[[#This Row],[Failure mode coverage wrt. violation of safety goals]]), 0) -> 0 | Q18: No | V18: =IF(Table2[[#This Row],[Failure mode that may lead to the violation of safety goals in combination with an independent failure of another block ?]]="Yes",(1-Table2[[#This Row],[Failure mode coverage with respect to latent failures]])*Table2[[#This Row],[Failure mode rate]], 0) -> 0 | Y18: =IF(Table2[[#This Row],[SR]]="Yes",Table2[[#This Row],[λ]], 0) -> 0
A19: FM17 | B19: Vpre | C19: Pre-regulator | F19: =VLOOKUP(Table2[Function], Table1[], 5, FALSE) -> 12.533196 | G19: Drift | H19: Yes | I19: SC0006 | J19: =1/8 -> 0.125 | K19: =Table2[[#This Row],[λ]]*Table2[[#This Row],[Failure rate distribution]] -> 1.5666495 | L19: SM1 | M19: =VLOOKUP(Table2[[#This Row],[Applicable Safety mechanism]],Table3[],2,FALSE) -> Voltage supervisor (Monitoring of voltage) Overvoltage detection | N19: =VLOOKUP(Table2[[#This Row],[Applicable Safety mechanism]], Table3[], 3,FALSE) -> D.2.8.2 | O19: =VLOOKUP(Table2[[#This Row],[Applicable Safety mechanism]], Table3[], 6,FALSE) -> 0.99 | P19: =IF(Table2[[#This Row],[Failure mode that has the potential to violate the safety goal in absence of safety mechanism?]]="Yes", Table2[[#This Row],[Failure mode rate]]*(1-Table2[[#This Row],[Failure mode coverage wrt. violation of safety goals]]), 0) -> 0.015666495 | Q19: No | V19: =IF(Table2[[#This Row],[Failure mode that may lead to the violation of safety goals in combination with an independent failure of another block ?]]="Yes",(1-Table2[[#This Row],[Failure mode coverage with respect to latent failures]])*Table2[[#This Row],[Failure mode rate]], 0) -> 0 | Y19: =IF(Table2[[#This Row],[SR]]="Yes",Table2[[#This Row],[λ]], 0) -> 0
A20: FM18 | B20: Vpre | C20: Pre-regulator | F20: =VLOOKUP(Table2[Function], Table1[], 5, FALSE) -> 12.533196 | G20: Oscillation | H20: Yes | I20: SC0006 | J20: =1/8 -> 0.125 | K20: =Table2[[#This Row],[λ]]*Table2[[#This Row],[Failure rate distribution]] -> 1.5666495 | L20: SM1 | M20: =VLOOKUP(Table2[[#This Row],[Applicable Safety mechanism]],Table3[],2,FALSE) -> Voltage supervisor (Monitoring of voltage) Overvoltage detection | N20: =VLOOKUP(Table2[[#This Row],[Applicable Safety mechanism]], Table3[], 3,FALSE) -> D.2.8.2 | O20: =VLOOKUP(Table2[[#This Row],[Applicable Safety mechanism]], Table3[], 6,FALSE) -> 0.99 | P20: =IF(Table2[[#This Row],[Failure mode that has the potential to violate the safety goal in absence of safety mechanism?]]="Yes", Table2[[#This Row],[Failure mode rate]]*(1-Table2[[#This Row],[Failure mode coverage wrt. violation of safety goals]]), 0) -> 0.015666495 | Q20: No | V20: =IF(Table2[[#This Row],[Failure mode that may lead to the violation of safety goals in combination with an independent failure of another block ?]]="Yes",(1-Table2[[#This Row],[Failure mode coverage with respect to latent failures]])*Table2[[#This Row],[Failure mode rate]], 0) -> 0 | Y20: =IF(Table2[[#This Row],[SR]]="Yes",Table2[[#This Row],[λ]], 0) -> 0
A21: FM19 | B21: Vpre | C21: Pre-regulator | F21: =VLOOKUP(Table2[Function], Table1[], 5, FALSE) -> 12.533196 | G21: Spikes | H21: Yes | I21: SC0006 | J21: =1/8 -> 0.125 | K21: =Table2[[#This Row],[λ]]*Table2[[#This Row],[Failure rate distribution]] -> 1.5666495 | L21: SM1 | M21: =VLOOKUP(Table2[[#This Row],[Applicable Safety mechanism]],Table3[],2,FALSE) -> Voltage supervisor (Monitoring of voltage) Overvoltage detection | N21: =VLOOKUP(Table2[[#This Row],[Applicable Safety mechanism]], Table3[], 3,FALSE) -> D.2.8.2 | O21: =VLOOKUP(Table2[[#This Row],[Applicable Safety mechanism]], Table3[], 6,FALSE) -> 0.99 | P21: =IF(Table2[[#This Row],[Failure mode that has the potential to violate the safety goal in absence of safety mechanism?]]="Yes", Table2[[#This Row],[Failure mode rate]]*(1-Table2[[#This Row],[Failure mode coverage wrt. violation of safety goals]]), 0) -> 0.015666495 | Q21: No | V21: =IF(Table2[[#This Row],[Failure mode that may lead to the violation of safety goals in combination with an independent failure of another block ?]]="Yes",(1-Table2[[#This Row],[Failure mode coverage with respect to latent failures]])*Table2[[#This Row],[Failure mode rate]], 0) -> 0 | Y21: =IF(Table2[[#This Row],[SR]]="Yes",Table2[[#This Row],[λ]], 0) -> 0
A22: FM20 | B22: Vpre | C22: Pre-regulator | F22: =VLOOKUP(Table2[Function], Table1[], 5, FALSE) -> 12.533196 | G22: Vpre shorted to GND | H22: Yes | I22: SC0006 | J22: =1/8 -> 0.125 | K22: =Table2[[#This Row],[λ]]*Table2[[#This Row],[Failure rate distribution]] -> 1.5666495 | L22: SM2 | M22: =VLOOKUP(Table2[[#This Row],[Applicable Safety mechanism]],Table3[],2,FALSE) -> Voltage supervisor (Monitoring of voltage) Undervoltage detection | N22: =VLOOKUP(Table2[[#This Row],[Applicable Safety mechanism]], Table3[], 3,FALSE) -> D.2.8.2 | O22: =VLOOKUP(Table2[[#This Row],[Applicable Safety mechanism]], Table3[], 6,FALSE) -> 0.99 | P22: =IF(Table2[[#This Row],[Failure mode that has the potential to violate the safety goal in absence of safety mechanism?]]="Yes", Table2[[#This Row],[Failure mode rate]]*(1-Table2[[#This Row],[Failure mode coverage wrt. violation of safety goals]]), 0) -> 0.015666495 | Q22: No | V22: =IF(Table2[[#This Row],[Failure mode that may lead to the violation of safety goals in combination with an independent failure of another block ?]]="Yes",(1-Table2[[#This Row],[Failure mode coverage with respect to latent failures]])*Table2[[#This Row],[Failure mode rate]], 0) -> 0 | Y22: =IF(Table2[[#This Row],[SR]]="Yes",Table2[[#This Row],[λ]], 0) -> 0
A23: FM21 | B23: Vpre | C23: Pre-regulator | F23: =VLOOKUP(Table2[Function], Table1[], 5, FALSE) -> 12.533196 | G23: Vpre pin open | H23: Yes | I23: SC0006 | J23: =1/8 -> 0.125 | K23: =Table2[[#This Row],[λ]]*Table2[[#This Row],[Failure rate distribution]] -> 1.5666495 | L23: SM2 | M23: =VLOOKUP(Table2[[#This Row],[Applicable Safety mechanism]],Table3[],2,FALSE) -> Voltage supervisor (Monitoring of voltage) Undervoltage detection | N23: =VLOOKUP(Table2[[#This Row],[Applicable Safety mechanism]], Table3[], 3,FALSE) -> D.2.8.2 | O23: =VLOOKUP(Table2[[#This Row],[Applicable Safety mechanism]], Table3[], 6,FALSE) -> 0.99 | P23: =IF(Table2[[#This Row],[Failure mode that has the potential to violate the safety goal in absence of safety mechanism?]]="Yes", Table2[[#This Row],[Failure mode rate]]*(1-Table2[[#This Row],[Failure mode coverage wrt. violation of safety goals]]), 0) -> 0.015666495 | Q23: No | V23: =IF(Table2[[#This Row],[Failure mode that may lead to the violation of safety goals in combination with an independent failure of another block ?]]="Yes",(1-Table2[[#This Row],[Failure mode coverage with respect to latent failures]])*Table2[[#This Row],[Failure mode rate]], 0) -> 0 | Y23: =IF(Table2[[#This Row],[SR]]="Yes",Table2[[#This Row],[λ]], 0) -> 0
A24: FM22 | B24: Vpre | C24: Pre-regulator | F24: =VLOOKUP(Table2[Function], Table1[], 5, FALSE) -> 12.533196 | G24: Vpre shorted to adjacent pin "Vaux" | H24: Yes | I24: SC0006 | J24: =1/8 -> 0.125 | K24: =Table2[[#This Row],[λ]]*Table2[[#This Row],[Failure rate distribution]] -> 1.5666495 | L24: SM1 | M24: =VLOOKUP(Table2[[#This Row],[Applicable Safety mechanism]],Table3[],2,FALSE) -> Voltage supervisor (Monitoring of voltage) Overvoltage detection | N24: =VLOOKUP(Table2[[#This Row],[Applicable Safety mechanism]], Table3[], 3,FALSE) -> D.2.8.2 | O24: =VLOOKUP(Table2[[#This Row],[Applicable Safety mechanism]], Table3[], 6,FALSE) -> 0.99 | P24: =IF(Table2[[#This Row],[Failure mode that has the potential to violate the safety goal in absence of safety mechanism?]]="Yes", Table2[[#This Row],[Failure mode rate]]*(1-Table2[[#This Row],[Failure mode coverage wrt. violation of safety goals]]), 0) -> 0.015666495 | Q24: No | V24: =IF(Table2[[#This Row],[Failure mode that may lead to the violation of safety goals in combination with an independent failure of another block ?]]="Yes",(1-Table2[[#This Row],[Failure mode coverage with respect to latent failures]])*Table2[[#This Row],[Failure mode rate]], 0) -> 0 | Y24: =IF(Table2[[#This Row],[SR]]="Yes",Table2[[#This Row],[λ]], 0) -> 0
A25: FM23 | B25: Vpre | C25: Pre-regulator | D25: - | F25: =VLOOKUP(Table2[Function], Table1[], 5, FALSE) -> 12.533196 | G25: - | H25: - | I25: - | J25: - | K25: - | L25: - | M25: - | N25: - | O25: - | P25: - | Q25: -
A26: FM24 | B26: Vcca | C26: Linear regulator | D26: Vcca_E Vcca_B Vcca Vpre AGND | E26: Power Management State Machine Analog reference #1 | F26: =VLOOKUP(Table2[Function], Table1[], 5, FALSE) -> 2.3876049 | G26: Overvoltage | H26: Yes | I26: SC0006 | J26: =1/9 -> 0.11111111 | K26: =Table2[[#This Row],[λ]]*Table2[[#This Row],[Failure rate distribution]] -> 0.26528943 | L26: SM1 | M26: =VLOOKUP(Table2[[#This Row],[Applicable Safety mechanism]],Table3[],2,FALSE) -> Voltage supervisor (Monitoring of voltage) Overvoltage detection | N26: =VLOOKUP(Table2[[#This Row],[Applicable Safety mechanism]], Table3[], 3,FALSE) -> D.2.8.2 | O26: =VLOOKUP(Table2[[#This Row],[Applicable Safety mechanism]], Table3[], 6,FALSE) -> 0.99 | P26: =IF(Table2[[#This Row],[Failure mode that has the potential to violate the safety goal in absence of safety mechanism?]]="Yes", Table2[[#This Row],[Failure mode rate]]*(1-Table2[[#This Row],[Failure mode coverage wrt. violation of safety goals]]), 0) -> 0.0026528943 | Q26: No | V26: =IF(Table2[[#This Row],[Failure mode that may lead to the violation of safety goals in combination with an independent failure of another block ?]]="Yes",(1-Table2[[#This Row],[Failure mode coverage with respect to latent failures]])*Table2[[#This Row],[Failure mode rate]], 0) -> 0 | X26: Yes | Y26: =IF(Table2[[#This Row],[SR]]="Yes",Table2[[#This Row],[λ]], 0) -> 2.3876049
A27: FM25 | B27: Vcca | C27: Linear regulator | F27: =VLOOKUP(Table2[Function], Table1[], 5, FALSE) -> 2.3876049 | G27: Under voltage | H27: Yes | I27: SC0006 | J27: =1/9 -> 0.11111111 | K27: =Table2[[#This Row],[λ]]*Table2[[#This Row],[Failure rate distribution]] -> 0.26528943 | L27: SM2 | M27: =VLOOKUP(Table2[[#This Row],[Applicable Safety mechanism]],Table3[],2,FALSE) -> Voltage supervisor (Monitoring of voltage) Undervoltage detection | N27: =VLOOKUP(Table2[[#This Row],[Applicable Safety mechanism]], Table3[], 3,FALSE) -> D.2.8.2 | O27: =VLOOKUP(Table2[[#This Row],[Applicable Safety mechanism]], Table3[], 6,FALSE) -> 0.99 | P27: =IF(Table2[[#This Row],[Failure mode that has the potential to violate the safety goal in absence of safety mechanism?]]="Yes", Table2[[#This Row],[Failure mode rate]]*(1-Table2[[#This Row],[Failure mode coverage wrt. violation of safety goals]]), 0) -> 0.0026528943 | Q27: No | V27: =IF(Table2[[#This Row],[Failure mode that may lead to the violation of safety goals in combination with an independent failure of another block ?]]="Yes",(1-Table2[[#This Row],[Failure mode coverage with respect to latent failures]])*Table2[[#This Row],[Failure mode rate]], 0) -> 0 | Y27: =IF(Table2[[#This Row],[SR]]="Yes",Table2[[#This Row],[λ]], 0) -> 0
A28: FM26 | B28: Vcca | C28: Linear regulator | F28: =VLOOKUP(Table2[Function], Table1[], 5, FALSE) -> 2.3876049 | G28: Drift | H28: Yes | I28: SC0006 | J28: =1/9 -> 0.11111111 | K28: =Table2[[#This Row],[λ]]*Table2[[#This Row],[Failure rate distribution]] -> 0.26528943 | L28: SM1&SM2 | M28: =VLOOKUP(Table2[[#This Row],[Applicable Safety mechanism]],Table3[],2,FALSE) -> Voltage supervisor (Monitoring of voltage) | N28: =VLOOKUP(Table2[[#This Row],[Applicable Safety mechanism]], Table3[], 3,FALSE) -> D.2.8.2 | O28: =VLOOKUP(Table2[[#This Row],[Applicable Safety mechanism]], Table3[], 6,FALSE) -> 0.99 | P28: =IF(Table2[[#This Row],[Failure mode that has the potential to violate the safety goal in absence of safety mechanism?]]="Yes", Table2[[#This Row],[Failure mode rate]]*(1-Table2[[#This Row],[Failure mode coverage wrt. violation of safety goals]]), 0) -> 0.0026528943 | Q28: No | V28: =IF(Table2[[#This Row],[Failure mode that may lead to the violation of safety goals in combination with an independent failure of another block ?]]="Yes",(1-Table2[[#This Row],[Failure mode coverage with respect to latent failures]])*Table2[[#This Row],[Failure mode rate]], 0) -> 0 | Y28: =IF(Table2[[#This Row],[SR]]="Yes",Table2[[#This Row],[λ]], 0) -> 0
A29: FM27 | B29: Vcca | C29: Linear regulator | F29: =VLOOKUP(Table2[Function], Table1[], 5, FALSE) -> 2.3876049 | G29: Oscillation | H29: Yes | I29: SC0006 | J29: =1/9 -> 0.11111111 | K29: =Table2[[#This Row],[λ]]*Table2[[#This Row],[Failure rate distribution]] -> 0.26528943 | L29: SM1&SM2 | M29: =VLOOKUP(Table2[[#This Row],[Applicable Safety mechanism]],Table3[],2,FALSE) -> Voltage supervisor (Monitoring of voltage) | N29: =VLOOKUP(Table2[[#This Row],[Applicable Safety mechanism]], Table3[], 3,FALSE) -> D.2.8.2 | O29: =VLOOKUP(Table2[[#This Row],[Applicable Safety mechanism]], Table3[], 6,FALSE) -> 0.99 | P29: =IF(Table2[[#This Row],[Failure mode that has the potential to violate the safety goal in absence of safety mechanism?]]="Yes", Table2[[#This Row],[Failure mode rate]]*(1-Table2[[#This Row],[Failure mode coverage wrt. violation of safety goals]]), 0) -> 0.0026528943 | Q29: No | V29: =IF(Table2[[#This Row],[Failure mode that may lead to the violation of safety goals in combination with an independent failure of another block ?]]="Yes",(1-Table2[[#This Row],[Failure mode coverage with respect to latent failures]])*Table2[[#This Row],[Failure mode rate]], 0) -> 0 | Y29: =IF(Table2[[#This Row],[SR]]="Yes",Table2[[#This Row],[λ]], 0) -> 0
A30: FM28 | B30: Vcca | C30: Linear regulator | F30: =VLOOKUP(Table2[Function], Table1[], 5, FALSE) -> 2.3876049 | G30: Spikes | H30: Yes | I30: SC0006 | J30: =1/9 -> 0.11111111 | K30: =Table2[[#This Row],[λ]]*Table2[[#This Row],[Failure rate distribution]] -> 0.26528943 | L30: SM1 | M30: =VLOOKUP(Table2[[#This Row],[Applicable Safety mechanism]],Table3[],2,FALSE) -> Voltage supervisor (Monitoring of voltage) Overvoltage detection | N30: =VLOOKUP(Table2[[#This Row],[Applicable Safety mechanism]], Table3[], 3,FALSE) -> D.2.8.2 | O30: =VLOOKUP(Table2[[#This Row],[Applicable Safety mechanism]], Table3[], 6,FALSE) -> 0.99 | P30: =IF(Table2[[#This Row],[Failure mode that has the potential to violate the safety goal in absence of safety mechanism?]]="Yes", Table2[[#This Row],[Failure mode rate]]*(1-Table2[[#This Row],[Failure mode coverage wrt. violation of safety goals]]), 0) -> 0.0026528943 | Q30: No | V30: =IF(Table2[[#This Row],[Failure mode that may lead to the violation of safety goals in combination with an independent failure of another block ?]]="Yes",(1-Table2[[#This Row],[Failure mode coverage with respect to latent failures]])*Table2[[#This Row],[Failure mode rate]], 0) -> 0 | Y30: =IF(Table2[[#This Row],[SR]]="Yes",Table2[[#This Row],[λ]], 0) -> 0
A31: FM29 | B31: Vcca | C31: Linear regulator | F31: =VLOOKUP(Table2[Function], Table1[], 5, FALSE) -> 2.3876049 | G31: Vcca shorted to GND | H31: Yes | I31: SC0006 | J31: =1/9 -> 0.11111111 | K31: =Table2[[#This Row],[λ]]*Table2[[#This Row],[Failure rate distribution]] -> 0.26528943 | L31: SM2 | M31: =VLOOKUP(Table2[[#This Row],[Applicable Safety mechanism]],Table3[],2,FALSE) -> Voltage supervisor (Monitoring of voltage) Undervoltage detection | N31: =VLOOKUP(Table2[[#This Row],[Applicable Safety mechanism]], Table3[], 3,FALSE) -> D.2.8.2 | O31: =VLOOKUP(Table2[[#This Row],[Applicable Safety mechanism]], Table3[], 6,FALSE) -> 0.99 | P31: =IF(Table2[[#This Row],[Failure mode that has the potential to violate the safety goal in absence of safety mechanism?]]="Yes", Table2[[#This Row],[Failure mode rate]]*(1-Table2[[#This Row],[Failure mode coverage wrt. violation of safety goals]]), 0) -> 0.0026528943 | Q31: No | V31: =IF(Table2[[#This Row],[Failure mode that may lead to the violation of safety goals in combination with an independent failure of another block ?]]="Yes",(1-Table2[[#This Row],[Failure mode coverage with respect to latent failures]])*Table2[[#This Row],[Failure mode rate]], 0) -> 0 | Y31: =IF(Table2[[#This Row],[SR]]="Yes",Table2[[#This Row],[λ]], 0) -> 0
A32: FM30 | B32: Vcca | C32: Linear regulator | F32: =VLOOKUP(Table2[Function], Table1[], 5, FALSE) -> 2.3876049 | G32: Vcca pin open | H32: Yes | I32: SC0006 | J32: =1/9 -> 0.11111111 | K32: =Table2[[#This Row],[λ]]*Table2[[#This Row],[Failure rate distribution]] -> 0.26528943 | L32: SM2 | M32: =VLOOKUP(Table2[[#This Row],[Applicable Safety mechanism]],Table3[],2,FALSE) -> Voltage supervisor (Monitoring of voltage) Undervoltage detection | N32: =VLOOKUP(Table2[[#This Row],[Applicable Safety mechanism]], Table3[], 3,FALSE) -> D.2.8.2 | O32: =VLOOKUP(Table2[[#This Row],[Applicable Safety mechanism]], Table3[], 6,FALSE) -> 0.99 | P32: =IF(Table2[[#This Row],[Failure mode that has the potential to violate the safety goal in absence of safety mechanism?]]="Yes", Table2[[#This Row],[Failure mode rate]]*(1-Table2[[#This Row],[Failure mode coverage wrt. violation of safety goals]]), 0) -> 0.0026528943 | Q32: No | V32: =IF(Table2[[#This Row],[Failure mode that may lead to the violation of safety goals in combination with an independent failure of another block ?]]="Yes",(1-Table2[[#This Row],[Failure mode coverage with respect to latent failures]])*Table2[[#This Row],[Failure mode rate]], 0) -> 0 | W32: OV detected because internally the pad will go to Vpre (UV externally) | Y32: =IF(Table2[[#This Row],[SR]]="Yes",Table2[[#This Row],[λ]], 0) -> 0
A33: FM31 | B33: Vcca | C33: Linear regulator | F33: =VLOOKUP(Table2[Function], Table1[], 5, FALSE) -> 2.3876049 | G33: Vcca shorted to adjacent pin "Gate_LS" | H33: Yes | I33: SC0006 | J33: =1/9 -> 0.11111111 | K33: =Table2[[#This Row],[λ]]*Table2[[#This Row],[Failure rate distribution]] -> 0.26528943 | L33: SM1&SM2 | M33: =VLOOKUP(Table2[[#This Row],[Applicable Safety mechanism]],Table3[],2,FALSE) -> Voltage supervisor (Monitoring of voltage) | N33: =VLOOKUP(Table2[[#This Row],[Applicable Safety mechanism]], Table3[], 3,FALSE) -> D.2.8.2 | O33: =VLOOKUP(Table2[[#This Row],[Applicable Safety mechanism]], Table3[], 6,FALSE) -> 0.99 | P33: =IF(Table2[[#This Row],[Failure mode that has the potential to violate the safety goal in absence of safety mechanism?]]="Yes", Table2[[#This Row],[Failure mode rate]]*(1-Table2[[#This Row],[Failure mode coverage wrt. violation of safety goals]]), 0) -> 0.0026528943 | Q33: No | V33: =IF(Table2[[#This Row],[Failure mode that may lead to the violation of safety goals in combination with an independent failure of another block ?]]="Yes",(1-Table2[[#This Row],[Failure mode coverage with respect to latent failures]])*Table2[[#This Row],[Failure mode rate]], 0) -> 0 | Y33: =IF(Table2[[#This Row],[SR]]="Yes",Table2[[#This Row],[λ]], 0) -> 0
A34: FM32 | B34: Vcca | C34: Linear regulator | F34: =VLOOKUP(Table2[Function], Table1[], 5, FALSE) -> 2.3876049 | G34: Vcca shorted to adjacent pin "Vcca_B" | H34: Yes | I34: SC0006 | J34: =1/9 -> 0.11111111 | K34: =Table2[[#This Row],[λ]]*Table2[[#This Row],[Failure rate distribution]] -> 0.26528943 | L34: SM1 | M34: =VLOOKUP(Table2[[#This Row],[Applicable Safety mechanism]],Table3[],2,FALSE) -> Voltage supervisor (Monitoring of voltage) Overvoltage detection | N34: =VLOOKUP(Table2[[#This Row],[Applicable Safety mechanism]], Table3[], 3,FALSE) -> D.2.8.2 | O34: =VLOOKUP(Table2[[#This Row],[Applicable Safety mechanism]], Table3[], 6,FALSE) -> 0.99 | P34: =IF(Table2[[#This Row],[Failure mode that has the potential to violate the safety goal in absence of safety mechanism?]]="Yes", Table2[[#This Row],[Failure mode rate]]*(1-Table2[[#This Row],[Failure mode coverage wrt. violation of safety goals]]), 0) -> 0.0026528943 | Q34: No | V34: =IF(Table2[[#This Row],[Failure mode that may lead to the violation of safety goals in combination with an independent failure of another block ?]]="Yes",(1-Table2[[#This Row],[Failure mode coverage with respect to latent failures]])*Table2[[#This Row],[Failure mode rate]], 0) -> 0 | Y34: =IF(Table2[[#This Row],[SR]]="Yes",Table2[[#This Row],[λ]], 0) -> 0
A35: FM33 | B35: Vcca | C35: Linear regulator | D35: - | F35: =VLOOKUP(Table2[Function], Table1[], 5, FALSE) -> 2.3876049 | G35: - | H35: - | I35: - | J35: - | K35: - | L35: - | M35: - | N35: - | O35: - | P35: - | Q35: -
A36: FM34 | B36: Vaux | C36: Linear regulator | D36: Vaux _E Vaux_B Vaux Vpre AGND | E36: Analog Reference #1 Power Management state machine | F36: =VLOOKUP(Table2[Function], Table1[], 5, FALSE) -> 2.3876049 | G36: Overvoltage | H36: Yes | I36: SC0006 | J36: =1/9 -> 0.11111111 | K36: =Table2[[#This Row],[λ]]*Table2[[#This Row],[Failure rate distribution]] -> 0.26528943 | L36: SM1 | M36: =VLOOKUP(Table2[[#This Row],[Applicable Safety mechanism]],Table3[],2,FALSE) -> Voltage supervisor (Monitoring of voltage) Overvoltage detection | N36: =VLOOKUP(Table2[[#This Row],[Applicable Safety mechanism]], Table3[], 3,FALSE) -> D.2.8.2 | O36: =VLOOKUP(Table2[[#This Row],[Applicable Safety mechanism]], Table3[], 6,FALSE) -> 0.99 | P36: =IF(Table2[[#This Row],[Failure mode that has the potential to violate the safety goal in absence of safety mechanism?]]="Yes", Table2[[#This Row],[Failure mode rate]]*(1-Table2[[#This Row],[Failure mode coverage wrt. violation of safety goals]]), 0) -> 0.0026528943 | Q36: No | V36: =IF(Table2[[#This Row],[Failure mode that may lead to the violation of safety goals in combination with an independent failure of another block ?]]="Yes",(1-Table2[[#This Row],[Failure mode coverage with respect to latent failures]])*Table2[[#This Row],[Failure mode rate]], 0) -> 0 | X36: Yes | Y36: =IF(Table2[[#This Row],[SR]]="Yes",Table2[[#This Row],[λ]], 0) -> 2.3876049
A37: FM35 | B37: Vaux | C37: Linear regulator | F37: =VLOOKUP(Table2[Function], Table1[], 5, FALSE) -> 2.3876049 | G37: Under voltage | H37: Yes | I37: SC0006 | J37: =1/9 -> 0.11111111 | K37: =Table2[[#This Row],[λ]]*Table2[[#This Row],[Failure rate distribution]] -> 0.26528943 | L37: SM2 | M37: =VLOOKUP(Table2[[#This Row],[Applicable Safety mechanism]],Table3[],2,FALSE) -> Voltage supervisor (Monitoring of voltage) Undervoltage detection | N37: =VLOOKUP(Table2[[#This Row],[Applicable Safety mechanism]], Table3[], 3,FALSE) -> D.2.8.2 | O37: =VLOOKUP(Table2[[#This Row],[Applicable Safety mechanism]], Table3[], 6,FALSE) -> 0.99 | P37: =IF(Table2[[#This Row],[Failure mode that has the potential to violate the safety goal in absence of safety mechanism?]]="Yes", Table2[[#This Row],[Failure mode rate]]*(1-Table2[[#This Row],[Failure mode coverage wrt. violation of safety goals]]), 0) -> 0.0026528943 | Q37: No | V37: =IF(Table2[[#This Row],[Failure mode that may lead to the violation of safety goals in combination with an independent failure of another block ?]]="Yes",(1-Table2[[#This Row],[Failure mode coverage with respect to latent failures]])*Table2[[#This Row],[Failure mode rate]], 0) -> 0 | Y37: =IF(Table2[[#This Row],[SR]]="Yes",Table2[[#This Row],[λ]], 0) -> 0
A38: FM36 | B38: Vaux | C38: Linear regulator | F38: =VLOOKUP(Table2[Function], Table1[], 5, FALSE) -> 2.3876049 | G38: Drift | H38: Yes | I38: SC0006 | J38: =1/9 -> 0.11111111 | K38: =Table2[[#This Row],[λ]]*Table2[[#This Row],[Failure rate distribution]] -> 0.26528943 | L38: SM1&SM2 | M38: =VLOOKUP(Table2[[#This Row],[Applicable Safety mechanism]],Table3[],2,FALSE) -> Voltage supervisor (Monitoring of voltage) | N38: =VLOOKUP(Table2[[#This Row],[Applicable Safety mechanism]], Table3[], 3,FALSE) -> D.2.8.2 | O38: =VLOOKUP(Table2[[#This Row],[Applicable Safety mechanism]], Table3[], 6,FALSE) -> 0.99 | P38: =IF(Table2[[#This Row],[Failure mode that has the potential to violate the safety goal in absence of safety mechanism?]]="Yes", Table2[[#This Row],[Failure mode rate]]*(1-Table2[[#This Row],[Failure mode coverage wrt. violation of safety goals]]), 0) -> 0.0026528943 | Q38: No | V38: =IF(Table2[[#This Row],[Failure mode that may lead to the violation of safety goals in combination with an independent failure of another block ?]]="Yes",(1-Table2[[#This Row],[Failure mode coverage with respect to latent failures]])*Table2[[#This Row],[Failure mode rate]], 0) -> 0 | Y38: =IF(Table2[[#This Row],[SR]]="Yes",Table2[[#This Row],[λ]], 0) -> 0
A39: FM37 | B39: Vaux | C39: Linear regulator | F39: =VLOOKUP(Table2[Function], Table1[], 5, FALSE) -> 2.3876049 | G39: Oscillation | H39: Yes | I39: SC0006 | J39: =1/9 -> 0.11111111 | K39: =Table2[[#This Row],[λ]]*Table2[[#This Row],[Failure rate distribution]] -> 0.26528943 | L39: SM1&SM2 | M39: =VLOOKUP(Table2[[#This Row],[Applicable Safety mechanism]],Table3[],2,FALSE) -> Voltage supervisor (Monitoring of voltage) | N39: =VLOOKUP(Table2[[#This Row],[Applicable Safety mechanism]], Table3[], 3,FALSE) -> D.2.8.2 | O39: =VLOOKUP(Table2[[#This Row],[Applicable Safety mechanism]], Table3[], 6,FALSE) -> 0.99 | P39: =IF(Table2[[#This Row],[Failure mode that has the potential to violate the safety goal in absence of safety mechanism?]]="Yes", Table2[[#This Row],[Failure mode rate]]*(1-Table2[[#This Row],[Failure mode coverage wrt. violation of safety goals]]), 0) -> 0.0026528943 | Q39: No | V39: =IF(Table2[[#This Row],[Failure mode that may lead to the violation of safety goals in combination with an independent failure of another block ?]]="Yes",(1-Table2[[#This Row],[Failure mode coverage with respect to latent failures]])*Table2[[#This Row],[Failure mode rate]], 0) -> 0 | Y39: =IF(Table2[[#This Row],[SR]]="Yes",Table2[[#This Row],[λ]], 0) -> 0
A40: FM38 | B40: Vaux | C40: Linear regulator | F40: =VLOOKUP(Table2[Function], Table1[], 5, FALSE) -> 2.3876049 | G40: Spikes | H40: Yes | I40: SC0006 | J40: =1/9 -> 0.11111111 | K40: =Table2[[#This Row],[λ]]*Table2[[#This Row],[Failure rate distribution]] -> 0.26528943 | L40: SM1 | M40: =VLOOKUP(Table2[[#This Row],[Applicable Safety mechanism]],Table3[],2,FALSE) -> Voltage supervisor (Monitoring of voltage) Overvoltage detection | N40: =VLOOKUP(Table2[[#This Row],[Applicable Safety mechanism]], Table3[], 3,FALSE) -> D.2.8.2 | O40: =VLOOKUP(Table2[[#This Row],[Applicable Safety mechanism]], Table3[], 6,FALSE) -> 0.99 | P40: =IF(Table2[[#This Row],[Failure mode that has the potential to violate the safety goal in absence of safety mechanism?]]="Yes", Table2[[#This Row],[Failure mode rate]]*(1-Table2[[#This Row],[Failure mode coverage wrt. violation of safety goals]]), 0) -> 0.0026528943 | Q40: No | V40: =IF(Table2[[#This Row],[Failure mode that may lead to the violation of safety goals in combination with an independent failure of another block ?]]="Yes",(1-Table2[[#This Row],[Failure mode coverage with respect to latent failures]])*Table2[[#This Row],[Failure mode rate]], 0) -> 0 | Y40: =IF(Table2[[#This Row],[SR]]="Yes",Table2[[#This Row],[λ]], 0) -> 0
A41: FM39 | B41: Vaux | C41: Linear regulator | F41: =VLOOKUP(Table2[Function], Table1[], 5, FALSE) -> 2.3876049 | G41: Vaux shorted to GND | H41: Yes | I41: SC0006 | J41: =1/9 -> 0.11111111 | K41: =Table2[[#This Row],[λ]]*Table2[[#This Row],[Failure rate distribution]] -> 0.26528943 | L41: SM2 | M41: =VLOOKUP(Table2[[#This Row],[Applicable Safety mechanism]],Table3[],2,FALSE) -> Voltage supervisor (Monitoring of voltage) Undervoltage detection | N41: =VLOOKUP(Table2[[#This Row],[Applicable Safety mechanism]], Table3[], 3,FALSE) -> D.2.8.2 | O41: =VLOOKUP(Table2[[#This Row],[Applicable Safety mechanism]], Table3[], 6,FALSE) -> 0.99 | P41: =IF(Table2[[#This Row],[Failure mode that has the potential to violate the safety goal in absence of safety mechanism?]]="Yes", Table2[[#This Row],[Failure mode rate]]*(1-Table2[[#This Row],[Failure mode coverage wrt. violation of safety goals]]), 0) -> 0.0026528943 | Q41: No | V41: =IF(Table2[[#This Row],[Failure mode that may lead to the violation of safety goals in combination with an independent failure of another block ?]]="Yes",(1-Table2[[#This Row],[Failure mode coverage with respect to latent failures]])*Table2[[#This Row],[Failure mode rate]], 0) -> 0 | Y41: =IF(Table2[[#This Row],[SR]]="Yes",Table2[[#This Row],[λ]], 0) -> 0
A42: FM40 | B42: Vaux | C42: Linear regulator | F42: =VLOOKUP(Table2[Function], Table1[], 5, FALSE) -> 2.3876049 | G42: Vaux pin open | H42: Yes | I42: SC0006 | J42: =1/9 -> 0.11111111 | K42: =Table2[[#This Row],[λ]]*Table2[[#This Row],[Failure rate distribution]] -> 0.26528943 | L42: SM2 | M42: =VLOOKUP(Table2[[#This Row],[Applicable Safety mechanism]],Table3[],2,FALSE) -> Voltage supervisor (Monitoring of voltage) Undervoltage detection | N42: =VLOOKUP(Table2[[#This Row],[Applicable Safety mechanism]], Table3[], 3,FALSE) -> D.2.8.2 | O42: =VLOOKUP(Table2[[#This Row],[Applicable Safety mechanism]], Table3[], 6,FALSE) -> 0.99 | P42: =IF(Table2[[#This Row],[Failure mode that has the potential to violate the safety goal in absence of safety mechanism?]]="Yes", Table2[[#This Row],[Failure mode rate]]*(1-Table2[[#This Row],[Failure mode coverage wrt. violation of safety goals]]), 0) -> 0.0026528943 | Q42: No | V42: =IF(Table2[[#This Row],[Failure mode that may lead to the violation of safety goals in combination with an independent failure of another block ?]]="Yes",(1-Table2[[#This Row],[Failure mode coverage with respect to latent failures]])*Table2[[#This Row],[Failure mode rate]], 0) -> 0 | Y42: =IF(Table2[[#This Row],[SR]]="Yes",Table2[[#This Row],[λ]], 0) -> 0
A43: FM41 | B43: Vaux | C43: Linear regulator | F43: =VLOOKUP(Table2[Function], Table1[], 5, FALSE) -> 2.3876049 | G43: Vaux shorted to adjacent pin "VPRE" | H43: Yes | I43: SC0006 | J43: =1/9 -> 0.11111111 | K43: =Table2[[#This Row],[λ]]*Table2[[#This Row],[Failure rate distribution]] -> 0.26528943 | L43: SM1 | M43: =VLOOKUP(Table2[[#This Row],[Applicable Safety mechanism]],Table3[],2,FALSE) -> Voltage supervisor (Monitoring of voltage) Overvoltage detection | N43: =VLOOKUP(Table2[[#This Row],[Applicable Safety mechanism]], Table3[], 3,FALSE) -> D.2.8.2 | O43: =VLOOKUP(Table2[[#This Row],[Applicable Safety mechanism]], Table3[], 6,FALSE) -> 0.99 | P43: =IF(Table2[[#This Row],[Failure mode that has the potential to violate the safety goal in absence of safety mechanism?]]="Yes", Table2[[#This Row],[Failure mode rate]]*(1-Table2[[#This Row],[Failure mode coverage wrt. violation of safety goals]]), 0) -> 0.0026528943 | Q43: No | V43: =IF(Table2[[#This Row],[Failure mode that may lead to the violation of safety goals in combination with an independent failure of another block ?]]="Yes",(1-Table2[[#This Row],[Failure mode coverage with respect to latent failures]])*Table2[[#This Row],[Failure mode rate]], 0) -> 0 | Y43: =IF(Table2[[#This Row],[SR]]="Yes",Table2[[#This Row],[λ]], 0) -> 0
A44: FM42 | B44: Vaux | C44: Linear regulator | F44: =VLOOKUP(Table2[Function], Table1[], 5, FALSE) -> 2.3876049 | G44: Vaux shorted to adjacent pin "Vaux_B" | H44: Yes | I44: SC0006 | J44: =1/9 -> 0.11111111 | K44: =Table2[[#This Row],[λ]]*Table2[[#This Row],[Failure rate distribution]] -> 0.26528943 | L44: SM1 | M44: =VLOOKUP(Table2[[#This Row],[Applicable Safety mechanism]],Table3[],2,FALSE) -> Voltage supervisor (Monitoring of voltage) Overvoltage detection | N44: =VLOOKUP(Table2[[#This Row],[Applicable Safety mechanism]], Table3[], 3,FALSE) -> D.2.8.2 | O44: =VLOOKUP(Table2[[#This Row],[Applicable Safety mechanism]], Table3[], 6,FALSE) -> 0.99 | P44: =IF(Table2[[#This Row],[Failure mode that has the potential to violate the safety goal in absence of safety mechanism?]]="Yes", Table2[[#This Row],[Failure mode rate]]*(1-Table2[[#This Row],[Failure mode coverage wrt. violation of safety goals]]), 0) -> 0.0026528943 | Q44: No | V44: =IF(Table2[[#This Row],[Failure mode that may lead to the violation of safety goals in combination with an independent failure of another block ?]]="Yes",(1-Table2[[#This Row],[Failure mode coverage with respect to latent failures]])*Table2[[#This Row],[Failure mode rate]], 0) -> 0 | Y44: =IF(Table2[[#This Row],[SR]]="Yes",Table2[[#This Row],[λ]], 0) -> 0
A45: FM43 | B45: Vaux | C45: Linear regulator | D45: - | F45: =VLOOKUP(Table2[Function], Table1[], 5, FALSE) -> 2.3876049 | G45: - | H45: - | I45: - | J45: - | K45: - | L45: - | M45: - | N45: - | O45: - | P45: - | Q45: -
A46: FM44 | B46: Voltage supervisor and FS bias | C46: SM1 & SM2 & SM3 | D46: Vpre Vcca Vaux FB_Core CAN-5V AGND | E46: Analog Reference 2 Faile Safe State Machine | F46: =VLOOKUP(Table2[Function], Table1[], 5, FALSE) -> 3.3841704 | G46: Stuck at 0 | H46: No | I46: - | J46: 0.25 | K46: =Table2[[#This Row],[λ]]*Table2[[#This Row],[Failure rate distribution]] -> 0.84604261 | L46: - | M46: =VLOOKUP(Table2[[#This Row],[Applicable Safety mechanism]],Table3[],2,FALSE) -> Not applicable | N46: =VLOOKUP(Table2[[#This Row],[Applicable Safety mechanism]], Table3[], 3,FALSE) -> - | O46: =VLOOKUP(Table2[[#This Row],[Applicable Safety mechanism]], Table3[], 6,FALSE) -> 0 | P46: =IF(Table2[[#This Row],[Failure mode that has the potential to violate the safety goal in absence of safety mechanism?]]="Yes", Table2[[#This Row],[Failure mode rate]]*(1-Table2[[#This Row],[Failure mode coverage wrt. violation of safety goals]]), 0) -> 0 | Q46: Yes | R46: SC0006 | S46: ABIST & LBIST | T46: =VLOOKUP(Table2[[#This Row],[Detection means ? Safety mechanism(s) allowing to prevent the failure mode from being latent ?]],Table3[],2,FALSE) -> Analog and Logical BuitIn Self Test | U46: =VLOOKUP(Table2[[#This Row],[Detection means ? Safety mechanism(s) allowing to prevent the failure mode from being latent ?]], Table3[], 6,FALSE) -> 0.6 | V46: =IF(Table2[[#This Row],[Failure mode that may lead to the violation of safety goals in combination with an independent failure of another block ?]]="Yes",(1-Table2[[#This Row],[Failure mode coverage with respect to latent failures]])*Table2[[#This Row],[Failure mode rate]], 0) -> 0.33841704 | X46: Yes | Y46: =IF(Table2[[#This Row],[SR]]="Yes",Table2[[#This Row],[λ]], 0) -> 3.3841704
A47: FM45 | B47: Voltage supervisor and FS bias | C47: SM1 & SM2 & SM3 | D47: Vpre Vcca Vaux FB_Core CAN-5V AGND | E47: Analog Reference 2 Faile Safe State Machine | F47: =VLOOKUP(Table2[Function], Table1[], 5, FALSE) -> 3.3841704 | G47: Stuck at 1 | H47: No | I47: - | J47: 0.25 | K47: =Table2[[#This Row],[λ]]*Table2[[#This Row],[Failure rate distribution]] -> 0.84604261 | L47: - | M47: =VLOOKUP(Table2[[#This Row],[Applicable Safety mechanism]],Table3[],2,FALSE) -> Not applicable | N47: =VLOOKUP(Table2[[#This Row],[Applicable Safety mechanism]], Table3[], 3,FALSE) -> - | O47: =VLOOKUP(Table2[[#This Row],[Applicable Safety mechanism]], Table3[], 6,FALSE) -> 0 | P47: =IF(Table2[[#This Row],[Failure mode that has the potential to violate the safety goal in absence of safety mechanism?]]="Yes", Table2[[#This Row],[Failure mode rate]]*(1-Table2[[#This Row],[Failure mode coverage wrt. violation of safety goals]]), 0) -> 0 | Q47: No | U47: =IF(Table2[[#This Row],[Failure mode that may lead to the violation of safety goals in combination with an independent failure of another block ?]]="Yes",(1-Table2[[#This Row],[Failure mode coverage with respect to latent failures]])*Table2[[#This Row],[Failure mode rate]], 0) -> 0 | V47: =IF(Table2[[#This Row],[Failure mode that may lead to the violation of safety goals in combination with an independent failure of another block ?]]="Yes",(1-Table2[[#This Row],[Failure mode coverage with respect to latent failures]])*Table2[[#This Row],[Failure mode rate]], 0) -> 0 | W47: Mode Safe always actived | Y47: =IF(Table2[[#This Row],[SR]]="Yes",Table2[[#This Row],[λ]], 0) -> 0
A48: FM46 | B48: Voltage supervisor and FS bias | C48: SM1 & SM2 & SM3 | D48: Vpre Vcca Vaux FB_Core CAN-5V AGND | E48: Analog Reference 2 Faile Safe State Machine | F48: =VLOOKUP(Table2[Function], Table1[], 5, FALSE) -> 3.3841704 | G48: Fuse loading error | H48: No | I48: - | J48: 0.25 | K48: =Table2[[#This Row],[λ]]*Table2[[#This Row],[Failure rate distribution]] -> 0.84604261 | L48: - | M48: =VLOOKUP(Table2[[#This Row],[Applicable Safety mechanism]],Table3[],2,FALSE) -> Not applicable | N48: =VLOOKUP(Table2[[#This Row],[Applicable Safety mechanism]], Table3[], 3,FALSE) -> - | O48: =VLOOKUP(Table2[[#This Row],[Applicable Safety mechanism]], Table3[], 6,FALSE) -> 0 | P48: =IF(Table2[[#This Row],[Failure mode that has the potential to violate the safety goal in absence of safety mechanism?]]="Yes", Table2[[#This Row],[Failure mode rate]]*(1-Table2[[#This Row],[Failure mode coverage wrt. violation of safety goals]]), 0) -> 0 | Q48: No | V48: =IF(Table2[[#This Row],[Failure mode that may lead to the violation of safety goals in combination with an independent failure of another block ?]]="Yes",(1-Table2[[#This Row],[Failure mode coverage with respect to latent failures]])*Table2[[#This Row],[Failure mode rate]], 0) -> 0 | Y48: =IF(Table2[[#This Row],[SR]]="Yes",Table2[[#This Row],[λ]], 0) -> 0
A49: FM47 | B49: Voltage supervisor and FS bias | C49: SM1 & SM2 & SM3 | D49: Vpre Vcca Vaux FB_Core CAN-5V AGND | E49: Analog Reference 2 Faile Safe State Machine | F49: =VLOOKUP(Table2[Function], Table1[], 5, FALSE) -> 3.3841704 | G49: EDC failure | H49: No | I49: - | J49: 0.25 | K49: =Table2[[#This Row],[λ]]*Table2[[#This Row],[Failure rate distribution]] -> 0.84604261 | L49: - | M49: =VLOOKUP(Table2[[#This Row],[Applicable Safety mechanism]],Table3[],2,FALSE) -> Not applicable | N49: =VLOOKUP(Table2[[#This Row],[Applicable Safety mechanism]], Table3[], 3,FALSE) -> - | O49: =VLOOKUP(Table2[[#This Row],[Applicable Safety mechanism]], Table3[], 6,FALSE) -> 0 | P49: =IF(Table2[[#This Row],[Failure mode that has the potential to violate the safety goal in absence of safety mechanism?]]="Yes", Table2[[#This Row],[Failure mode rate]]*(1-Table2[[#This Row],[Failure mode coverage wrt. violation of safety goals]]), 0) -> 0 | Q49: No | V49: =IF(Table2[[#This Row],[Failure mode that may lead to the violation of safety goals in combination with an independent failure of another block ?]]="Yes",(1-Table2[[#This Row],[Failure mode coverage with respect to latent failures]])*Table2[[#This Row],[Failure mode rate]], 0) -> 0 | Y49: =IF(Table2[[#This Row],[SR]]="Yes",Table2[[#This Row],[λ]], 0) -> 0
A50: FM48 | B50: Voltage supervisor and FS bias | C50: SM1 & SM2 & SM3 | D50: - | F50: =VLOOKUP(Table2[Function], Table1[], 5, FALSE) -> 3.3841704 | G50: - | H50: - | I50: - | J50: - | K50: - | L50: - | M50: - | N50: - | O50: - | P50: - | Q50: -
A51: FM49 | B51: Hardware configuration - select | C51: Voltage selection for Vcca and Vaux linear regulators | D51: SELECT AGND DGND | E51: Power Management State Machine Faile Safe State Machine | F51: =VLOOKUP(Table2[Function], Table1[], 5, FALSE) -> 0.28028405 | G51: SELECT shorted to GND / external resistor shorted | H51: Yes | I51: SC0006 (Application dependent) | J51: =1/7 -> 0.14285714 | K51: =Table2[[#This Row],[λ]]*Table2[[#This Row],[Failure rate distribution]] -> 0.040040579 | L51: SMA1 | M51: =VLOOKUP(Table2[[#This Row],[Applicable Safety mechanism]],Table3[],2,FALSE) -> Read HW_Config SPI register and extract Vcca_HW, Vaux_HW, LS_detect, DBG_HW and DFS_HW1/2 configuration bits to compare with expected values before releasing Fail Safe path | N51: =VLOOKUP(Table2[[#This Row],[Applicable Safety mechanism]], Table3[], 3,FALSE) -> - | O51: =VLOOKUP(Table2[[#This Row],[Applicable Safety mechanism]], Table3[], 6,FALSE) -> 0.99 | P51: =IF(Table2[[#This Row],[Failure mode that has the potential to violate the safety goal in absence of safety mechanism?]]="Yes", Table2[[#This Row],[Failure mode rate]]*(1-Table2[[#This Row],[Failure mode coverage wrt. violation of safety goals]]), 0) -> 0.00040040579 | Q51: No | V51: =IF(Table2[[#This Row],[Failure mode that may lead to the violation of safety goals in combination with an independent failure of another block ?]]="Yes",(1-Table2[[#This Row],[Failure mode coverage with respect to latent failures]])*Table2[[#This Row],[Failure mode rate]], 0) -> 0 | W51: Select - Voltage selection for Vcca and Vaux linear regulators | X51: Yes | Y51: =IF(Table2[[#This Row],[SR]]="Yes",Table2[[#This Row],[λ]], 0) -> 0.28028405
A52: FM50 | B52: Hardware configuration - select | C52: Voltage selection for Vcca and Vaux linear regulators | F52: =VLOOKUP(Table2[Function], Table1[], 5, FALSE) -> 0.28028405 | G52: SELECT pin open / external resistor open | H52: Yes | I52: SC0006 (Application dependent) | J52: =1/7 -> 0.14285714 | K52: =Table2[[#This Row],[λ]]*Table2[[#This Row],[Failure rate distribution]] -> 0.040040579 | L52: SMA1 | M52: =VLOOKUP(Table2[[#This Row],[Applicable Safety mechanism]],Table3[],2,FALSE) -> Read HW_Config SPI register and extract Vcca_HW, Vaux_HW, LS_detect, DBG_HW and DFS_HW1/2 configuration bits to compare with expected values before releasing Fail Safe path | N52: =VLOOKUP(Table2[[#This Row],[Applicable Safety mechanism]], Table3[], 3,FALSE) -> - | O52: =VLOOKUP(Table2[[#This Row],[Applicable Safety mechanism]], Table3[], 6,FALSE) -> 0.99 | P52: =IF(Table2[[#This Row],[Failure mode that has the potential to violate the safety goal in absence of safety mechanism?]]="Yes", Table2[[#This Row],[Failure mode rate]]*(1-Table2[[#This Row],[Failure mode coverage wrt. violation of safety goals]]), 0) -> 0.00040040579 | Q52: No | V52: =IF(Table2[[#This Row],[Failure mode that may lead to the violation of safety goals in combination with an independent failure of another block ?]]="Yes",(1-Table2[[#This Row],[Failure mode coverage with respect to latent failures]])*Table2[[#This Row],[Failure mode rate]], 0) -> 0 | W52: Select - Voltage selection for Vcca and Vaux linear regulators | Y52: =IF(Table2[[#This Row],[SR]]="Yes",Table2[[#This Row],[λ]], 0) -> 0
A53: FM51 | B53: Hardware configuration - select | C53: Voltage selection for Vcca and Vaux linear regulators | F53: =VLOOKUP(Table2[Function], Table1[], 5, FALSE) -> 0.28028405 | G53: External resistor drift 0.5 | H53: Yes | I53: SC0006 (Application dependent) | J53: 0 | K53: =Table2[[#This Row],[λ]]*Table2[[#This Row],[Failure rate distribution]] -> 0 | L53: SMA1 | M53: =VLOOKUP(Table2[[#This Row],[Applicable Safety mechanism]],Table3[],2,FALSE) -> Read HW_Config SPI register and extract Vcca_HW, Vaux_HW, LS_detect, DBG_HW and DFS_HW1/2 configuration bits to compare with expected values before releasing Fail Safe path | N53: =VLOOKUP(Table2[[#This Row],[Applicable Safety mechanism]], Table3[], 3,FALSE) -> - | O53: =VLOOKUP(Table2[[#This Row],[Applicable Safety mechanism]], Table3[], 6,FALSE) -> 0.99 | P53: =IF(Table2[[#This Row],[Failure mode that has the potential to violate the safety goal in absence of safety mechanism?]]="Yes", Table2[[#This Row],[Failure mode rate]]*(1-Table2[[#This Row],[Failure mode coverage wrt. violation of safety goals]]), 0) -> 0 | Q53: No | V53: =IF(Table2[[#This Row],[Failure mode that may lead to the violation of safety goals in combination with an independent failure of another block ?]]="Yes",(1-Table2[[#This Row],[Failure mode coverage with respect to latent failures]])*Table2[[#This Row],[Failure mode rate]], 0) -> 0 | W53: Select - Voltage selection for Vcca and Vaux linear regulators | Y53: =IF(Table2[[#This Row],[SR]]="Yes",Table2[[#This Row],[λ]], 0) -> 0
A54: FM52 | B54: Hardware configuration - select | C54: Voltage selection for Vcca and Vaux linear regulators | F54: =VLOOKUP(Table2[Function], Table1[], 5, FALSE) -> 0.28028405 | G54: External resistor drift 2 | H54: Yes | I54: SC0006 (Application dependent) | J54: 0 | K54: =Table2[[#This Row],[λ]]*Table2[[#This Row],[Failure rate distribution]] -> 0 | L54: SMA1 | M54: =VLOOKUP(Table2[[#This Row],[Applicable Safety mechanism]],Table3[],2,FALSE) -> Read HW_Config SPI register and extract Vcca_HW, Vaux_HW, LS_detect, DBG_HW and DFS_HW1/2 configuration bits to compare with expected values before releasing Fail Safe path | N54: =VLOOKUP(Table2[[#This Row],[Applicable Safety mechanism]], Table3[], 3,FALSE) -> - | O54: =VLOOKUP(Table2[[#This Row],[Applicable Safety mechanism]], Table3[], 6,FALSE) -> 0.99 | P54: =IF(Table2[[#This Row],[Failure mode that has the potential to violate the safety goal in absence of safety mechanism?]]="Yes", Table2[[#This Row],[Failure mode rate]]*(1-Table2[[#This Row],[Failure mode coverage wrt. violation of safety goals]]), 0) -> 0 | Q54: No | V54: =IF(Table2[[#This Row],[Failure mode that may lead to the violation of safety goals in combination with an independent failure of another block ?]]="Yes",(1-Table2[[#This Row],[Failure mode coverage with respect to latent failures]])*Table2[[#This Row],[Failure mode rate]], 0) -> 0 | W54: Select - Voltage selection for Vcca and Vaux linear regulators | Y54: =IF(Table2[[#This Row],[SR]]="Yes",Table2[[#This Row],[λ]], 0) -> 0
A55: FM53 | B55: Hardware configuration - select | C55: Voltage selection for Vcca and Vaux linear regulators | F55: =VLOOKUP(Table2[Function], Table1[], 5, FALSE) -> 0.28028405 | G55: SELECT shorted to GND | H55: Yes | I55: SC0006 (Application dependent) | J55: =1/7 -> 0.14285714 | K55: =Table2[[#This Row],[λ]]*Table2[[#This Row],[Failure rate distribution]] -> 0.040040579 | L55: SMA1 | M55: =VLOOKUP(Table2[[#This Row],[Applicable Safety mechanism]],Table3[],2,FALSE) -> Read HW_Config SPI register and extract Vcca_HW, Vaux_HW, LS_detect, DBG_HW and DFS_HW1/2 configuration bits to compare with expected values before releasing Fail Safe path | N55: =VLOOKUP(Table2[[#This Row],[Applicable Safety mechanism]], Table3[], 3,FALSE) -> - | O55: =VLOOKUP(Table2[[#This Row],[Applicable Safety mechanism]], Table3[], 6,FALSE) -> 0.99 | P55: =IF(Table2[[#This Row],[Failure mode that has the potential to violate the safety goal in absence of safety mechanism?]]="Yes", Table2[[#This Row],[Failure mode rate]]*(1-Table2[[#This Row],[Failure mode coverage wrt. violation of safety goals]]), 0) -> 0.00040040579 | Q55: No | V55: =IF(Table2[[#This Row],[Failure mode that may lead to the violation of safety goals in combination with an independent failure of another block ?]]="Yes",(1-Table2[[#This Row],[Failure mode coverage with respect to latent failures]])*Table2[[#This Row],[Failure mode rate]], 0) -> 0 | W55: Select - Voltage selection for Vcca and Vaux linear regulators | Y55: =IF(Table2[[#This Row],[SR]]="Yes",Table2[[#This Row],[λ]], 0) -> 0
A56: FM54 | B56: Hardware configuration - select | C56: Voltage selection for Vcca and Vaux linear regulators | F56: =VLOOKUP(Table2[Function], Table1[], 5, FALSE) -> 0.28028405 | G56: SELECT pin open | H56: Yes | I56: SC0006 (Application dependent) | J56: =1/7 -> 0.14285714 | K56: =Table2[[#This Row],[λ]]*Table2[[#This Row],[Failure rate distribution]] -> 0.040040579 | L56: SMA1 | M56: =VLOOKUP(Table2[[#This Row],[Applicable Safety mechanism]],Table3[],2,FALSE) -> Read HW_Config SPI register and extract Vcca_HW, Vaux_HW, LS_detect, DBG_HW and DFS_HW1/2 configuration bits to compare with expected values before releasing Fail Safe path | N56: =VLOOKUP(Table2[[#This Row],[Applicable Safety mechanism]], Table3[], 3,FALSE) -> - | O56: =VLOOKUP(Table2[[#This Row],[Applicable Safety mechanism]], Table3[], 6,FALSE) -> 0.99 | P56: =IF(Table2[[#This Row],[Failure mode that has the potential to violate the safety goal in absence of safety mechanism?]]="Yes", Table2[[#This Row],[Failure mode rate]]*(1-Table2[[#This Row],[Failure mode coverage wrt. violation of safety goals]]), 0) -> 0.00040040579 | Q56: No | V56: =IF(Table2[[#This Row],[Failure mode that may lead to the violation of safety goals in combination with an independent failure of another block ?]]="Yes",(1-Table2[[#This Row],[Failure mode coverage with respect to latent failures]])*Table2[[#This Row],[Failure mode rate]], 0) -> 0 | W56: Select - Voltage selection for Vcca and Vaux linear regulators | Y56: =IF(Table2[[#This Row],[SR]]="Yes",Table2[[#This Row],[λ]], 0) -> 0
A57: FM55 | B57: Hardware configuration - select | C57: Voltage selection for Vcca and Vaux linear regulators | F57: =VLOOKUP(Table2[Function], Table1[], 5, FALSE) -> 0.28028405 | G57: SELECT shorted to adjacent pin "VDDIO" (cover stuck at High) | H57: Yes | I57: SC0006 (Application dependent) | J57: =1/7 -> 0.14285714 | K57: =Table2[[#This Row],[λ]]*Table2[[#This Row],[Failure rate distribution]] -> 0.040040579 | L57: SMA1 | M57: =VLOOKUP(Table2[[#This Row],[Applicable Safety mechanism]],Table3[],2,FALSE) -> Read HW_Config SPI register and extract Vcca_HW, Vaux_HW, LS_detect, DBG_HW and DFS_HW1/2 configuration bits to compare with expected values before releasing Fail Safe path | N57: =VLOOKUP(Table2[[#This Row],[Applicable Safety mechanism]], Table3[], 3,FALSE) -> - | O57: =VLOOKUP(Table2[[#This Row],[Applicable Safety mechanism]], Table3[], 6,FALSE) -> 0.99 | P57: =IF(Table2[[#This Row],[Failure mode that has the potential to violate the safety goal in absence of safety mechanism?]]="Yes", Table2[[#This Row],[Failure mode rate]]*(1-Table2[[#This Row],[Failure mode coverage wrt. violation of safety goals]]), 0) -> 0.00040040579 | Q57: No | V57: =IF(Table2[[#This Row],[Failure mode that may lead to the violation of safety goals in combination with an independent failure of another block ?]]="Yes",(1-Table2[[#This Row],[Failure mode coverage with respect to latent failures]])*Table2[[#This Row],[Failure mode rate]], 0) -> 0 | W57: Select - Voltage selection for Vcca and Vaux linear regulators | Y57: =IF(Table2[[#This Row],[SR]]="Yes",Table2[[#This Row],[λ]], 0) -> 0
A58: FM56 | B58: Hardware configuration - select | C58: Voltage selection for Vcca and Vaux linear regulators | F58: =VLOOKUP(Table2[Function], Table1[], 5, FALSE) -> 0.28028405 | G58: SELECT shorted to adjacent pin "FB_CORE" | H58: Yes | I58: SC0006 (Application dependent) | J58: =1/7 -> 0.14285714 | K58: =Table2[[#This Row],[λ]]*Table2[[#This Row],[Failure rate distribution]] -> 0.040040579 | L58: SM1&SM2 | M58: =VLOOKUP(Table2[[#This Row],[Applicable Safety mechanism]],Table3[],2,FALSE) -> Voltage supervisor (Monitoring of voltage) | N58: =VLOOKUP(Table2[[#This Row],[Applicable Safety mechanism]], Table3[], 3,FALSE) -> D.2.8.2 | O58: =VLOOKUP(Table2[[#This Row],[Applicable Safety mechanism]], Table3[], 6,FALSE) -> 0.99 | P58: =IF(Table2[[#This Row],[Failure mode that has the potential to violate the safety goal in absence of safety mechanism?]]="Yes", Table2[[#This Row],[Failure mode rate]]*(1-Table2[[#This Row],[Failure mode coverage wrt. violation of safety goals]]), 0) -> 0.00040040579 | Q58: No | V58: =IF(Table2[[#This Row],[Failure mode that may lead to the violation of safety goals in combination with an independent failure of another block ?]]="Yes",(1-Table2[[#This Row],[Failure mode coverage with respect to latent failures]])*Table2[[#This Row],[Failure mode rate]], 0) -> 0 | W58: Overvoltage on MCU up to Vpre could lead to MCU destruction. FS0b asserted low, system in safe state | Y58: =IF(Table2[[#This Row],[SR]]="Yes",Table2[[#This Row],[λ]], 0) -> 0
A59: FM57 | B59: Hardware configuration - select | C59: Voltage selection for Vcca and Vaux linear regulators | F59: =VLOOKUP(Table2[Function], Table1[], 5, FALSE) -> 0.28028405 | G59: Internal fault caused by DC fault model | H59: Yes | I59: SC0006 (Application dependent) | J59: =1/7 -> 0.14285714 | K59: =Table2[[#This Row],[λ]]*Table2[[#This Row],[Failure rate distribution]] -> 0.040040579 | L59: SMA1 | M59: =VLOOKUP(Table2[[#This Row],[Applicable Safety mechanism]],Table3[],2,FALSE) -> Read HW_Config SPI register and extract Vcca_HW, Vaux_HW, LS_detect, DBG_HW and DFS_HW1/2 configuration bits to compare with expected values before releasing Fail Safe path | N59: =VLOOKUP(Table2[[#This Row],[Applicable Safety mechanism]], Table3[], 3,FALSE) -> - | O59: =VLOOKUP(Table2[[#This Row],[Applicable Safety mechanism]], Table3[], 6,FALSE) -> 0.99 | P59: =IF(Table2[[#This Row],[Failure mode that has the potential to violate the safety goal in absence of safety mechanism?]]="Yes", Table2[[#This Row],[Failure mode rate]]*(1-Table2[[#This Row],[Failure mode coverage wrt. violation of safety goals]]), 0) -> 0.00040040579 | Q59: No | V59: =IF(Table2[[#This Row],[Failure mode that may lead to the violation of safety goals in combination with an independent failure of another block ?]]="Yes",(1-Table2[[#This Row],[Failure mode coverage with respect to latent failures]])*Table2[[#This Row],[Failure mode rate]], 0) -> 0 | W59: Select - Voltage selection for Vcca and Vaux linear regulators | Y59: =IF(Table2[[#This Row],[SR]]="Yes",Table2[[#This Row],[λ]], 0) -> 0
A60: FM58 | B60: Hardware configuration - select | C60: Voltage selection for Vcca and Vaux linear regulators | D60: - | F60: =VLOOKUP(Table2[Function], Table1[], 5, FALSE) -> 0.28028405 | G60: - | H60: - | I60: - | J60: - | K60: - | L60: - | M60: - | N60: - | O60: - | P60: - | Q60: -
A61: FM59 | B61: Hardware configuration - buck/boost | C61: Buck or buck/boost selection during start-up sequence | D61: Gate_LS DGND | E61: Power Management State Machine | F61: =VLOOKUP(Table2[Function], Table1[], 5, FALSE) -> 0.072666236 | G61: Gate LS shorted to GND | H61: Yes | I61: SC0006 (Application dependent) | J61: =1/5 -> 0.2 | K61: =Table2[[#This Row],[λ]]*Table2[[#This Row],[Failure rate distribution]] -> 0.014533247 | L61: SM2 | M61: =VLOOKUP(Table2[[#This Row],[Applicable Safety mechanism]],Table3[],2,FALSE) -> Voltage supervisor (Monitoring of voltage) Undervoltage detection | N61: =VLOOKUP(Table2[[#This Row],[Applicable Safety mechanism]], Table3[], 3,FALSE) -> D.2.8.2 | O61: =VLOOKUP(Table2[[#This Row],[Applicable Safety mechanism]], Table3[], 6,FALSE) -> 0.99 | P61: =IF(Table2[[#This Row],[Failure mode that has the potential to violate the safety goal in absence of safety mechanism?]]="Yes", Table2[[#This Row],[Failure mode rate]]*(1-Table2[[#This Row],[Failure mode coverage wrt. violation of safety goals]]), 0) -> 0.00014533247 | Q61: No | V61: =IF(Table2[[#This Row],[Failure mode that may lead to the violation of safety goals in combination with an independent failure of another block ?]]="Yes",(1-Table2[[#This Row],[Failure mode coverage with respect to latent failures]])*Table2[[#This Row],[Failure mode rate]], 0) -> 0 | W61: In case boost is needed, it will not operate so Vpre will falls down and by cascade effect the Vcore, Vcca, Vaux. UV will reported. | X61: Yes | Y61: =IF(Table2[[#This Row],[SR]]="Yes",Table2[[#This Row],[λ]], 0) -> 0.072666236
A62: FM60 | B62: Hardware configuration - buck/boost | C62: Buck or buck/boost selection during start-up sequence | F62: =VLOOKUP(Table2[Function], Table1[], 5, FALSE) -> 0.072666236 | G62: GATE LS shorted to adjacent pin "DGND" | H62: Yes | I62: SC0006 (Application dependent) | J62: =1/5 -> 0.2 | K62: =Table2[[#This Row],[λ]]*Table2[[#This Row],[Failure rate distribution]] -> 0.014533247 | L62: SM2 | M62: =VLOOKUP(Table2[[#This Row],[Applicable Safety mechanism]],Table3[],2,FALSE) -> Voltage supervisor (Monitoring of voltage) Undervoltage detection | N62: =VLOOKUP(Table2[[#This Row],[Applicable Safety mechanism]], Table3[], 3,FALSE) -> D.2.8.2 | O62: =VLOOKUP(Table2[[#This Row],[Applicable Safety mechanism]], Table3[], 6,FALSE) -> 0.99 | P62: =IF(Table2[[#This Row],[Failure mode that has the potential to violate the safety goal in absence of safety mechanism?]]="Yes", Table2[[#This Row],[Failure mode rate]]*(1-Table2[[#This Row],[Failure mode coverage wrt. violation of safety goals]]), 0) -> 0.00014533247 | Q62: No | V62: =IF(Table2[[#This Row],[Failure mode that may lead to the violation of safety goals in combination with an independent failure of another block ?]]="Yes",(1-Table2[[#This Row],[Failure mode coverage with respect to latent failures]])*Table2[[#This Row],[Failure mode rate]], 0) -> 0 | W62: In case boost is needed, it will not operate so Vpre will falls down and by cascade effect the Vcore, Vcca, Vaux. UV will reported. | Y62: =IF(Table2[[#This Row],[SR]]="Yes",Table2[[#This Row],[λ]], 0) -> 0
A63: FM61 | B63: Hardware configuration - buck/boost | C63: Buck or buck/boost selection during start-up sequence | F63: =VLOOKUP(Table2[Function], Table1[], 5, FALSE) -> 0.072666236 | G63: GATE LS shorted to adjacent pin "VCCA" (cover stuck at high) | H63: Yes | I63: SC0006 | J63: =1/5 -> 0.2 | K63: =Table2[[#This Row],[λ]]*Table2[[#This Row],[Failure rate distribution]] -> 0.014533247 | L63: SM1&SM2 | M63: =VLOOKUP(Table2[[#This Row],[Applicable Safety mechanism]],Table3[],2,FALSE) -> Voltage supervisor (Monitoring of voltage) | N63: =VLOOKUP(Table2[[#This Row],[Applicable Safety mechanism]], Table3[], 3,FALSE) -> D.2.8.2 | O63: =VLOOKUP(Table2[[#This Row],[Applicable Safety mechanism]], Table3[], 6,FALSE) -> 0.99 | P63: =IF(Table2[[#This Row],[Failure mode that has the potential to violate the safety goal in absence of safety mechanism?]]="Yes", Table2[[#This Row],[Failure mode rate]]*(1-Table2[[#This Row],[Failure mode coverage wrt. violation of safety goals]]), 0) -> 0.00014533247 | Q63: No | V63: =IF(Table2[[#This Row],[Failure mode that may lead to the violation of safety goals in combination with an independent failure of another block ?]]="Yes",(1-Table2[[#This Row],[Failure mode coverage with respect to latent failures]])*Table2[[#This Row],[Failure mode rate]], 0) -> 0 | Y63: =IF(Table2[[#This Row],[SR]]="Yes",Table2[[#This Row],[λ]], 0) -> 0
A64: FM62 | B64: Hardware configuration - buck/boost | C64: Buck or buck/boost selection during start-up sequence | F64: =VLOOKUP(Table2[Function], Table1[], 5, FALSE) -> 0.072666236 | G64: Gate LS pin open | H64: Yes | I64: SC0006 (Application dependent) | J64: =1/5 -> 0.2 | K64: =Table2[[#This Row],[λ]]*Table2[[#This Row],[Failure rate distribution]] -> 0.014533247 | L64: SM2 | M64: =VLOOKUP(Table2[[#This Row],[Applicable Safety mechanism]],Table3[],2,FALSE) -> Voltage supervisor (Monitoring of voltage) Undervoltage detection | N64: =VLOOKUP(Table2[[#This Row],[Applicable Safety mechanism]], Table3[], 3,FALSE) -> D.2.8.2 | O64: =VLOOKUP(Table2[[#This Row],[Applicable Safety mechanism]], Table3[], 6,FALSE) -> 0.99 | P64: =IF(Table2[[#This Row],[Failure mode that has the potential to violate the safety goal in absence of safety mechanism?]]="Yes", Table2[[#This Row],[Failure mode rate]]*(1-Table2[[#This Row],[Failure mode coverage wrt. violation of safety goals]]), 0) -> 0.00014533247 | Q64: No | V64: =IF(Table2[[#This Row],[Failure mode that may lead to the violation of safety goals in combination with an independent failure of another block ?]]="Yes",(1-Table2[[#This Row],[Failure mode coverage with respect to latent failures]])*Table2[[#This Row],[Failure mode rate]], 0) -> 0 | W64: In case boost is needed, it will not operate so Vpre will falls down and by cascade effect the Vcore, Vcca, Vaux. UV will reported. | Y64: =IF(Table2[[#This Row],[SR]]="Yes",Table2[[#This Row],[λ]], 0) -> 0
A65: FM63 | B65: Hardware configuration - buck/boost | C65: Buck or buck/boost selection during start-up sequence | F65: =VLOOKUP(Table2[Function], Table1[], 5, FALSE) -> 0.072666236 | G65: Internal fault caused by DC fault model | H65: Yes | I65: SC0006 | J65: =1/5 -> 0.2 | K65: =Table2[[#This Row],[λ]]*Table2[[#This Row],[Failure rate distribution]] -> 0.014533247 | L65: SM2 | M65: =VLOOKUP(Table2[[#This Row],[Applicable Safety mechanism]],Table3[],2,FALSE) -> Voltage supervisor (Monitoring of voltage) Undervoltage detection | N65: =VLOOKUP(Table2[[#This Row],[Applicable Safety mechanism]], Table3[], 3,FALSE) -> D.2.8.2 | O65: =VLOOKUP(Table2[[#This Row],[Applicable Safety mechanism]], Table3[], 6,FALSE) -> 0.99 | P65: =IF(Table2[[#This Row],[Failure mode that has the potential to violate the safety goal in absence of safety mechanism?]]="Yes", Table2[[#This Row],[Failure mode rate]]*(1-Table2[[#This Row],[Failure mode coverage wrt. violation of safety goals]]), 0) -> 0.00014533247 | Q65: No | V65: =IF(Table2[[#This Row],[Failure mode that may lead to the violation of safety goals in combination with an independent failure of another block ?]]="Yes",(1-Table2[[#This Row],[Failure mode coverage with respect to latent failures]])*Table2[[#This Row],[Failure mode rate]], 0) -> 0 | W65: In case boost is needed, it will not operate so Vpre will falls down and by cascade effect the Vcore, Vcca, Vaux. UV will reported. | Y65: =IF(Table2[[#This Row],[SR]]="Yes",Table2[[#This Row],[λ]], 0) -> 0
A66: FM64 | B66: Hardware configuration - buck/boost | C66: Buck or buck/boost selection during start-up sequence | D66: - | F66: =VLOOKUP(Table2[Function], Table1[], 5, FALSE) -> 0.072666236 | G66: - | H66: - | I66: - | J66: - | K66: - | L66: - | M66: - | N66: - | O66: - | P66: - | Q66: -
A67: FM65 | B67: Hardware configuration - Vcca_PNP detection | C67: External component to increase current capability include Vcca_B, Vcca, and Vcca_E | D67: Vcca_E Vcca_B DGND | E67: Power Management State Machine | F67: =VLOOKUP(Table2[Function], Table1[], 5, FALSE) -> 0.14187218 | G67: Vcca_B shorted to GND | H67: Yes | I67: SC0006 | J67: =1/13 -> 0.076923077 | K67: =Table2[[#This Row],[λ]]*Table2[[#This Row],[Failure rate distribution]] -> 0.010913244 | L67: SM2 | M67: =VLOOKUP(Table2[[#This Row],[Applicable Safety mechanism]],Table3[],2,FALSE) -> Voltage supervisor (Monitoring of voltage) Undervoltage detection | N67: =VLOOKUP(Table2[[#This Row],[Applicable Safety mechanism]], Table3[], 3,FALSE) -> D.2.8.2 | O67: =VLOOKUP(Table2[[#This Row],[Applicable Safety mechanism]], Table3[], 6,FALSE) -> 0.99 | P67: =IF(Table2[[#This Row],[Failure mode that has the potential to violate the safety goal in absence of safety mechanism?]]="Yes", Table2[[#This Row],[Failure mode rate]]*(1-Table2[[#This Row],[Failure mode coverage wrt. violation of safety goals]]), 0) -> 0.00010913244 | Q67: No | V67: =IF(Table2[[#This Row],[Failure mode that may lead to the violation of safety goals in combination with an independent failure of another block ?]]="Yes",(1-Table2[[#This Row],[Failure mode coverage with respect to latent failures]])*Table2[[#This Row],[Failure mode rate]], 0) -> 0 | X67: Yes | Y67: =IF(Table2[[#This Row],[SR]]="Yes",Table2[[#This Row],[λ]], 0) -> 0.14187218
A68: FM66 | B68: Hardware configuration - Vcca_PNP detection | C68: External component to increase current capability include Vcca_B, Vcca, and Vcca_E | F68: =VLOOKUP(Table2[Function], Table1[], 5, FALSE) -> 0.14187218 | G68: Vcca_B shorted to adjacent pin "Vcca" (cover stuck at high) | H68: Yes | I68: SC0006 | J68: =1/13 -> 0.076923077 | K68: =Table2[[#This Row],[λ]]*Table2[[#This Row],[Failure rate distribution]] -> 0.010913244 | L68: SM1 | M68: =VLOOKUP(Table2[[#This Row],[Applicable Safety mechanism]],Table3[],2,FALSE) -> Voltage supervisor (Monitoring of voltage) Overvoltage detection | N68: =VLOOKUP(Table2[[#This Row],[Applicable Safety mechanism]], Table3[], 3,FALSE) -> D.2.8.2 | O68: =VLOOKUP(Table2[[#This Row],[Applicable Safety mechanism]], Table3[], 6,FALSE) -> 0.99 | P68: =IF(Table2[[#This Row],[Failure mode that has the potential to violate the safety goal in absence of safety mechanism?]]="Yes", Table2[[#This Row],[Failure mode rate]]*(1-Table2[[#This Row],[Failure mode coverage wrt. violation of safety goals]]), 0) -> 0.00010913244 | Q68: No | V68: =IF(Table2[[#This Row],[Failure mode that may lead to the violation of safety goals in combination with an independent failure of another block ?]]="Yes",(1-Table2[[#This Row],[Failure mode coverage with respect to latent failures]])*Table2[[#This Row],[Failure mode rate]], 0) -> 0 | Y68: =IF(Table2[[#This Row],[SR]]="Yes",Table2[[#This Row],[λ]], 0) -> 0
A69: FM67 | B69: Hardware configuration - Vcca_PNP detection | C69: External component to increase current capability include Vcca_B, Vcca, and Vcca_E | F69: =VLOOKUP(Table2[Function], Table1[], 5, FALSE) -> 0.14187218 | G69: Vcca_B shorted to adjacent pin "Vcca_E" | H69: Yes | I69: SC0006 | J69: =1/13 -> 0.076923077 | K69: =Table2[[#This Row],[λ]]*Table2[[#This Row],[Failure rate distribution]] -> 0.010913244 | L69: SM2 | M69: =VLOOKUP(Table2[[#This Row],[Applicable Safety mechanism]],Table3[],2,FALSE) -> Voltage supervisor (Monitoring of voltage) Undervoltage detection | N69: =VLOOKUP(Table2[[#This Row],[Applicable Safety mechanism]], Table3[], 3,FALSE) -> D.2.8.2 | O69: =VLOOKUP(Table2[[#This Row],[Applicable Safety mechanism]], Table3[], 6,FALSE) -> 0.99 | P69: =IF(Table2[[#This Row],[Failure mode that has the potential to violate the safety goal in absence of safety mechanism?]]="Yes", Table2[[#This Row],[Failure mode rate]]*(1-Table2[[#This Row],[Failure mode coverage wrt. violation of safety goals]]), 0) -> 0.00010913244 | Q69: No | V69: =IF(Table2[[#This Row],[Failure mode that may lead to the violation of safety goals in combination with an independent failure of another block ?]]="Yes",(1-Table2[[#This Row],[Failure mode coverage with respect to latent failures]])*Table2[[#This Row],[Failure mode rate]], 0) -> 0 | Y69: =IF(Table2[[#This Row],[SR]]="Yes",Table2[[#This Row],[λ]], 0) -> 0
A70: FM68 | B70: Hardware configuration - Vcca_PNP detection | C70: External component to increase current capability include Vcca_B, Vcca, and Vcca_E | F70: =VLOOKUP(Table2[Function], Table1[], 5, FALSE) -> 0.14187218 | G70: Vcca_B pin open | H70: Yes | I70: SC0006 | J70: =1/13 -> 0.076923077 | K70: =Table2[[#This Row],[λ]]*Table2[[#This Row],[Failure rate distribution]] -> 0.010913244 | L70: SM2 | M70: =VLOOKUP(Table2[[#This Row],[Applicable Safety mechanism]],Table3[],2,FALSE) -> Voltage supervisor (Monitoring of voltage) Undervoltage detection | N70: =VLOOKUP(Table2[[#This Row],[Applicable Safety mechanism]], Table3[], 3,FALSE) -> D.2.8.2 | O70: =VLOOKUP(Table2[[#This Row],[Applicable Safety mechanism]], Table3[], 6,FALSE) -> 0.99 | P70: =IF(Table2[[#This Row],[Failure mode that has the potential to violate the safety goal in absence of safety mechanism?]]="Yes", Table2[[#This Row],[Failure mode rate]]*(1-Table2[[#This Row],[Failure mode coverage wrt. violation of safety goals]]), 0) -> 0.00010913244 | Q70: No | V70: =IF(Table2[[#This Row],[Failure mode that may lead to the violation of safety goals in combination with an independent failure of another block ?]]="Yes",(1-Table2[[#This Row],[Failure mode coverage with respect to latent failures]])*Table2[[#This Row],[Failure mode rate]], 0) -> 0 | Y70: =IF(Table2[[#This Row],[SR]]="Yes",Table2[[#This Row],[λ]], 0) -> 0
A71: FM69 | B71: Hardware configuration - Vcca_PNP detection | C71: External component to increase current capability include Vcca_B, Vcca, and Vcca_E | F71: =VLOOKUP(Table2[Function], Table1[], 5, FALSE) -> 0.14187218 | G71: Vcca shorted to GND | H71: Yes | I71: SC0006 | J71: =1/13 -> 0.076923077 | K71: =Table2[[#This Row],[λ]]*Table2[[#This Row],[Failure rate distribution]] -> 0.010913244 | L71: SM2 | M71: =VLOOKUP(Table2[[#This Row],[Applicable Safety mechanism]],Table3[],2,FALSE) -> Voltage supervisor (Monitoring of voltage) Undervoltage detection | N71: =VLOOKUP(Table2[[#This Row],[Applicable Safety mechanism]], Table3[], 3,FALSE) -> D.2.8.2 | O71: =VLOOKUP(Table2[[#This Row],[Applicable Safety mechanism]], Table3[], 6,FALSE) -> 0.99 | P71: =IF(Table2[[#This Row],[Failure mode that has the potential to violate the safety goal in absence of safety mechanism?]]="Yes", Table2[[#This Row],[Failure mode rate]]*(1-Table2[[#This Row],[Failure mode coverage wrt. violation of safety goals]]), 0) -> 0.00010913244 | Q71: No | V71: =IF(Table2[[#This Row],[Failure mode that may lead to the violation of safety goals in combination with an independent failure of another block ?]]="Yes",(1-Table2[[#This Row],[Failure mode coverage with respect to latent failures]])*Table2[[#This Row],[Failure mode rate]], 0) -> 0 | Y71: =IF(Table2[[#This Row],[SR]]="Yes",Table2[[#This Row],[λ]], 0) -> 0
A72: FM70 | B72: Hardware configuration - Vcca_PNP detection | C72: External component to increase current capability include Vcca_B, Vcca, and Vcca_E | F72: =VLOOKUP(Table2[Function], Table1[], 5, FALSE) -> 0.14187218 | G72: Vcca shorted to adjacent pin "Vcca_B" | H72: Yes | I72: SC0006 | J72: =1/13 -> 0.076923077 | K72: =Table2[[#This Row],[λ]]*Table2[[#This Row],[Failure rate distribution]] -> 0.010913244 | L72: SM1 | M72: =VLOOKUP(Table2[[#This Row],[Applicable Safety mechanism]],Table3[],2,FALSE) -> Voltage supervisor (Monitoring of voltage) Overvoltage detection | N72: =VLOOKUP(Table2[[#This Row],[Applicable Safety mechanism]], Table3[], 3,FALSE) -> D.2.8.2 | O72: =VLOOKUP(Table2[[#This Row],[Applicable Safety mechanism]], Table3[], 6,FALSE) -> 0.99 | P72: =IF(Table2[[#This Row],[Failure mode that has the potential to violate the safety goal in absence of safety mechanism?]]="Yes", Table2[[#This Row],[Failure mode rate]]*(1-Table2[[#This Row],[Failure mode coverage wrt. violation of safety goals]]), 0) -> 0.00010913244 | Q72: No | V72: =IF(Table2[[#This Row],[Failure mode that may lead to the violation of safety goals in combination with an independent failure of another block ?]]="Yes",(1-Table2[[#This Row],[Failure mode coverage with respect to latent failures]])*Table2[[#This Row],[Failure mode rate]], 0) -> 0 | Y72: =IF(Table2[[#This Row],[SR]]="Yes",Table2[[#This Row],[λ]], 0) -> 0
A73: FM71 | B73: Hardware configuration - Vcca_PNP detection | C73: External component to increase current capability include Vcca_B, Vcca, and Vcca_E | F73: =VLOOKUP(Table2[Function], Table1[], 5, FALSE) -> 0.14187218 | G73: Vcca shorted to adjacent pin "Gate LS" | H73: Yes | I73: SC0006 | J73: =1/13 -> 0.076923077 | K73: =Table2[[#This Row],[λ]]*Table2[[#This Row],[Failure rate distribution]] -> 0.010913244 | L73: SM1&SM2 | M73: =VLOOKUP(Table2[[#This Row],[Applicable Safety mechanism]],Table3[],2,FALSE) -> Voltage supervisor (Monitoring of voltage) | N73: =VLOOKUP(Table2[[#This Row],[Applicable Safety mechanism]], Table3[], 3,FALSE) -> D.2.8.2 | O73: =VLOOKUP(Table2[[#This Row],[Applicable Safety mechanism]], Table3[], 6,FALSE) -> 0.99 | P73: =IF(Table2[[#This Row],[Failure mode that has the potential to violate the safety goal in absence of safety mechanism?]]="Yes", Table2[[#This Row],[Failure mode rate]]*(1-Table2[[#This Row],[Failure mode coverage wrt. violation of safety goals]]), 0) -> 0.00010913244 | Q73: No | V73: =IF(Table2[[#This Row],[Failure mode that may lead to the violation of safety goals in combination with an independent failure of another block ?]]="Yes",(1-Table2[[#This Row],[Failure mode coverage with respect to latent failures]])*Table2[[#This Row],[Failure mode rate]], 0) -> 0 | Y73: =IF(Table2[[#This Row],[SR]]="Yes",Table2[[#This Row],[λ]], 0) -> 0
A74: FM72 | B74: Hardware configuration - Vcca_PNP detection | C74: External component to increase current capability include Vcca_B, Vcca, and Vcca_E | F74: =VLOOKUP(Table2[Function], Table1[], 5, FALSE) -> 0.14187218 | G74: Vcca pin open | H74: Yes | I74: SC0006 | J74: =1/13 -> 0.076923077 | K74: =Table2[[#This Row],[λ]]*Table2[[#This Row],[Failure rate distribution]] -> 0.010913244 | L74: SM2 | M74: =VLOOKUP(Table2[[#This Row],[Applicable Safety mechanism]],Table3[],2,FALSE) -> Voltage supervisor (Monitoring of voltage) Undervoltage detection | N74: =VLOOKUP(Table2[[#This Row],[Applicable Safety mechanism]], Table3[], 3,FALSE) -> D.2.8.2 | O74: =VLOOKUP(Table2[[#This Row],[Applicable Safety mechanism]], Table3[], 6,FALSE) -> 0.99 | P74: =IF(Table2[[#This Row],[Failure mode that has the potential to violate the safety goal in absence of safety mechanism?]]="Yes", Table2[[#This Row],[Failure mode rate]]*(1-Table2[[#This Row],[Failure mode coverage wrt. violation of safety goals]]), 0) -> 0.00010913244 | Q74: No | V74: =IF(Table2[[#This Row],[Failure mode that may lead to the violation of safety goals in combination with an independent failure of another block ?]]="Yes",(1-Table2[[#This Row],[Failure mode coverage with respect to latent failures]])*Table2[[#This Row],[Failure mode rate]], 0) -> 0 | W74: OV detected because internally the pad will go to Vpre (UV externally) | Y74: =IF(Table2[[#This Row],[SR]]="Yes",Table2[[#This Row],[λ]], 0) -> 0
A75: FM73 | B75: Hardware configuration - Vcca_PNP detection | C75: External component to increase current capability include Vcca_B, Vcca, and Vcca_E | F75: =VLOOKUP(Table2[Function], Table1[], 5, FALSE) -> 0.14187218 | G75: Vcca_E shorted to GND | H75: Yes | I75: SC0006 | J75: =1/13 -> 0.076923077 | K75: =Table2[[#This Row],[λ]]*Table2[[#This Row],[Failure rate distribution]] -> 0.010913244 | L75: SM1&SM2 | M75: =VLOOKUP(Table2[[#This Row],[Applicable Safety mechanism]],Table3[],2,FALSE) -> Voltage supervisor (Monitoring of voltage) | N75: =VLOOKUP(Table2[[#This Row],[Applicable Safety mechanism]], Table3[], 3,FALSE) -> D.2.8.2 | O75: =VLOOKUP(Table2[[#This Row],[Applicable Safety mechanism]], Table3[], 6,FALSE) -> 0.99 | P75: =IF(Table2[[#This Row],[Failure mode that has the potential to violate the safety goal in absence of safety mechanism?]]="Yes", Table2[[#This Row],[Failure mode rate]]*(1-Table2[[#This Row],[Failure mode coverage wrt. violation of safety goals]]), 0) -> 0.00010913244 | Q75: No | V75: =IF(Table2[[#This Row],[Failure mode that may lead to the violation of safety goals in combination with an independent failure of another block ?]]="Yes",(1-Table2[[#This Row],[Failure mode coverage with respect to latent failures]])*Table2[[#This Row],[Failure mode rate]], 0) -> 0 | W75: =IF(Table2[[#This Row],[Safety Requirement Violated (Latent)]]="Yes",(1-Table2[[#This Row],[Latent multiple point fault failure rate/FIT]])*Table2[[#This Row],[Applicable Safety mechanism]], 0) -> 0 | Y75: =IF(Table2[[#This Row],[SR]]="Yes",Table2[[#This Row],[λ]], 0) -> 0
A76: FM74 | B76: Hardware configuration - Vcca_PNP detection | C76: External component to increase current capability include Vcca_B, Vcca, and Vcca_E | F76: =VLOOKUP(Table2[Function], Table1[], 5, FALSE) -> 0.14187218 | G76: Vcca_E shorted to adjacent pin "Vcca_B" | H76: Yes | I76: SC0006 | J76: =1/13 -> 0.076923077 | K76: =Table2[[#This Row],[λ]]*Table2[[#This Row],[Failure rate distribution]] -> 0.010913244 | L76: SM2 | M76: =VLOOKUP(Table2[[#This Row],[Applicable Safety mechanism]],Table3[],2,FALSE) -> Voltage supervisor (Monitoring of voltage) Undervoltage detection | N76: =VLOOKUP(Table2[[#This Row],[Applicable Safety mechanism]], Table3[], 3,FALSE) -> D.2.8.2 | O76: =VLOOKUP(Table2[[#This Row],[Applicable Safety mechanism]], Table3[], 6,FALSE) -> 0.99 | P76: =IF(Table2[[#This Row],[Failure mode that has the potential to violate the safety goal in absence of safety mechanism?]]="Yes", Table2[[#This Row],[Failure mode rate]]*(1-Table2[[#This Row],[Failure mode coverage wrt. violation of safety goals]]), 0) -> 0.00010913244 | Q76: No | V76: =IF(Table2[[#This Row],[Failure mode that may lead to the violation of safety goals in combination with an independent failure of another block ?]]="Yes",(1-Table2[[#This Row],[Failure mode coverage with respect to latent failures]])*Table2[[#This Row],[Failure mode rate]], 0) -> 0 | Y76: =IF(Table2[[#This Row],[SR]]="Yes",Table2[[#This Row],[λ]], 0) -> 0
A77: FM75 | B77: Hardware configuration - Vcca_PNP detection | C77: External component to increase current capability include Vcca_B, Vcca, and Vcca_E | F77: =VLOOKUP(Table2[Function], Table1[], 5, FALSE) -> 0.14187218 | G77: Vcca_E shorted to adjacent pin "Vaux_E" | H77: No | I77: - | J77: =1/13 -> 0.076923077 | K77: =Table2[[#This Row],[λ]]*Table2[[#This Row],[Failure rate distribution]] -> 0.010913244 | L77: - | M77: =VLOOKUP(Table2[[#This Row],[Applicable Safety mechanism]],Table3[],2,FALSE) -> Not applicable | N77: =VLOOKUP(Table2[[#This Row],[Applicable Safety mechanism]], Table3[], 3,FALSE) -> - | O77: =VLOOKUP(Table2[[#This Row],[Applicable Safety mechanism]], Table3[], 6,FALSE) -> 0 | P77: =IF(Table2[[#This Row],[Failure mode that has the potential to violate the safety goal in absence of safety mechanism?]]="Yes", Table2[[#This Row],[Failure mode rate]]*(1-Table2[[#This Row],[Failure mode coverage wrt. violation of safety goals]]), 0) -> 0 | Q77: No | V77: =IF(Table2[[#This Row],[Failure mode that may lead to the violation of safety goals in combination with an independent failure of another block ?]]="Yes",(1-Table2[[#This Row],[Failure mode coverage with respect to latent failures]])*Table2[[#This Row],[Failure mode rate]], 0) -> 0 | Y77: =IF(Table2[[#This Row],[SR]]="Yes",Table2[[#This Row],[λ]], 0) -> 0
A78: FM76 | B78: Hardware configuration - Vcca_PNP detection | C78: External component to increase current capability include Vcca_B, Vcca, and Vcca_E | F78: =VLOOKUP(Table2[Function], Table1[], 5, FALSE) -> 0.14187218 | G78: Vcca_E pin open | H78: Yes | I78: SC0006 | J78: =1/13 -> 0.076923077 | K78: =Table2[[#This Row],[λ]]*Table2[[#This Row],[Failure rate distribution]] -> 0.010913244 | L78: SM2 | M78: =VLOOKUP(Table2[[#This Row],[Applicable Safety mechanism]],Table3[],2,FALSE) -> Voltage supervisor (Monitoring of voltage) Undervoltage detection | N78: =VLOOKUP(Table2[[#This Row],[Applicable Safety mechanism]], Table3[], 3,FALSE) -> D.2.8.2 | O78: =VLOOKUP(Table2[[#This Row],[Applicable Safety mechanism]], Table3[], 6,FALSE) -> 0.99 | P78: =IF(Table2[[#This Row],[Failure mode that has the potential to violate the safety goal in absence of safety mechanism?]]="Yes", Table2[[#This Row],[Failure mode rate]]*(1-Table2[[#This Row],[Failure mode coverage wrt. violation of safety goals]]), 0) -> 0.00010913244 | Q78: No | V78: =IF(Table2[[#This Row],[Failure mode that may lead to the violation of safety goals in combination with an independent failure of another block ?]]="Yes",(1-Table2[[#This Row],[Failure mode coverage with respect to latent failures]])*Table2[[#This Row],[Failure mode rate]], 0) -> 0 | Y78: =IF(Table2[[#This Row],[SR]]="Yes",Table2[[#This Row],[λ]], 0) -> 0
A79: FM77 | B79: Hardware configuration - Vcca_PNP detection | C79: External component to increase current capability include Vcca_B, Vcca, and Vcca_E | F79: =VLOOKUP(Table2[Function], Table1[], 5, FALSE) -> 0.14187218 | G79: Internal fault caused by DC fault model | H79: Yes | I79: SC0006 | J79: =1/13 -> 0.076923077 | K79: =Table2[[#This Row],[λ]]*Table2[[#This Row],[Failure rate distribution]] -> 0.010913244 | L79: SM1&SM2 | M79: =VLOOKUP(Table2[[#This Row],[Applicable Safety mechanism]],Table3[],2,FALSE) -> Voltage supervisor (Monitoring of voltage) | N79: =VLOOKUP(Table2[[#This Row],[Applicable Safety mechanism]], Table3[], 3,FALSE) -> D.2.8.2 | O79: =VLOOKUP(Table2[[#This Row],[Applicable Safety mechanism]], Table3[], 6,FALSE) -> 0.99 | P79: =IF(Table2[[#This Row],[Failure mode that has the potential to violate the safety goal in absence of safety mechanism?]]="Yes", Table2[[#This Row],[Failure mode rate]]*(1-Table2[[#This Row],[Failure mode coverage wrt. violation of safety goals]]), 0) -> 0.00010913244 | Q79: No | V79: =IF(Table2[[#This Row],[Failure mode that may lead to the violation of safety goals in combination with an independent failure of another block ?]]="Yes",(1-Table2[[#This Row],[Failure mode coverage with respect to latent failures]])*Table2[[#This Row],[Failure mode rate]], 0) -> 0 | Y79: =IF(Table2[[#This Row],[SR]]="Yes",Table2[[#This Row],[λ]], 0) -> 0
A80: FM78 | B80: Hardware configuration - Vcca_PNP detection | C80: External component to increase current capability include Vcca_B, Vcca, and Vcca_E | D80: - | F80: =VLOOKUP(Table2[Function], Table1[], 5, FALSE) -> 0.14187218 | G80: - | H80: - | I80: - | J80: - | K80: - | L80: - | M80: - | N80: - | O80: - | P80: - | Q80: -
A81: FM79 | B81: SPI | C81: Communication with MCU | D81: MOSI MISO SCLK NSC DGND | E81: Power Management State Machine Faile Safe State Machine | F81: =VLOOKUP(Table2[Function], Table1[], 5, FALSE) -> 0.92735959 | G81: Corrupted write operation (bad address, or bad data, or no operation) | H81: Yes | I81: SC0006 | J81: =1/18 -> 0.055555556 | K81: =Table2[[#This Row],[λ]]*Table2[[#This Row],[Failure rate distribution]] -> 0.051519977 | L81: SM2 | M81: =VLOOKUP(Table2[[#This Row],[Applicable Safety mechanism]],Table3[],2,FALSE) -> Voltage supervisor (Monitoring of voltage) Undervoltage detection | N81: =VLOOKUP(Table2[[#This Row],[Applicable Safety mechanism]], Table3[], 3,FALSE) -> D.2.8.2 | O81: =VLOOKUP(Table2[[#This Row],[Applicable Safety mechanism]], Table3[], 6,FALSE) -> 0.99 | P81: =IF(Table2[[#This Row],[Failure mode that has the potential to violate the safety goal in absence of safety mechanism?]]="Yes", Table2[[#This Row],[Failure mode rate]]*(1-Table2[[#This Row],[Failure mode coverage wrt. violation of safety goals]]), 0) -> 0.00051519977 | Q81: No | V81: =IF(Table2[[#This Row],[Failure mode that may lead to the violation of safety goals in combination with an independent failure of another block ?]]="Yes",(1-Table2[[#This Row],[Failure mode coverage with respect to latent failures]])*Table2[[#This Row],[Failure mode rate]], 0) -> 0 | X81: Yes | Y81: =IF(Table2[[#This Row],[SR]]="Yes",Table2[[#This Row],[λ]], 0) -> 0.92735959
A82: FM80 | B82: SPI | C82: Communication with MCU | F82: =VLOOKUP(Table2[Function], Table1[], 5, FALSE) -> 0.92735959 | G82: Corrupted read operation (bad address, or bad data) | H82: No | I82: - | J82: =1/18 -> 0.055555556 | K82: =Table2[[#This Row],[λ]]*Table2[[#This Row],[Failure rate distribution]] -> 0.051519977 | L82: - | M82: =VLOOKUP(Table2[[#This Row],[Applicable Safety mechanism]],Table3[],2,FALSE) -> Not applicable | N82: =VLOOKUP(Table2[[#This Row],[Applicable Safety mechanism]], Table3[], 3,FALSE) -> - | O82: =VLOOKUP(Table2[[#This Row],[Applicable Safety mechanism]], Table3[], 6,FALSE) -> 0 | P82: =IF(Table2[[#This Row],[Failure mode that has the potential to violate the safety goal in absence of safety mechanism?]]="Yes", Table2[[#This Row],[Failure mode rate]]*(1-Table2[[#This Row],[Failure mode coverage wrt. violation of safety goals]]), 0) -> 0 | Q82: Yes | R82: SC0015 | S82: SM4 | T82: =VLOOKUP(Table2[[#This Row],[Detection means ? Safety mechanism(s) allowing to prevent the failure mode from being latent ?]],Table3[],2,FALSE) -> Watchdog | U82: =VLOOKUP(Table2[[#This Row],[Detection means ? Safety mechanism(s) allowing to prevent the failure mode from being latent ?]], Table3[], 6,FALSE) -> 0.99 | V82: =IF(Table2[[#This Row],[Failure mode that may lead to the violation of safety goals in combination with an independent failure of another block ?]]="Yes",(1-Table2[[#This Row],[Failure mode coverage with respect to latent failures]])*Table2[[#This Row],[Failure mode rate]], 0) -> 0.00051519977 | Y82: =IF(Table2[[#This Row],[SR]]="Yes",Table2[[#This Row],[λ]], 0) -> 0
A83: FM81 | B83: SPI | C83: Communication with MCU | F83: =VLOOKUP(Table2[Function], Table1[], 5, FALSE) -> 0.92735959 | G83: MISO shorted to GND | H83: No | I83: - | J83: =1/18 -> 0.055555556 | K83: =Table2[[#This Row],[λ]]*Table2[[#This Row],[Failure rate distribution]] -> 0.051519977 | L83: - | M83: =VLOOKUP(Table2[[#This Row],[Applicable Safety mechanism]],Table3[],2,FALSE) -> Not applicable | N83: =VLOOKUP(Table2[[#This Row],[Applicable Safety mechanism]], Table3[], 3,FALSE) -> - | O83: =VLOOKUP(Table2[[#This Row],[Applicable Safety mechanism]], Table3[], 6,FALSE) -> 0 | P83: =IF(Table2[[#This Row],[Failure mode that has the potential to violate the safety goal in absence of safety mechanism?]]="Yes", Table2[[#This Row],[Failure mode rate]]*(1-Table2[[#This Row],[Failure mode coverage wrt. violation of safety goals]]), 0) -> 0 | Q83: Yes | R83: SC0015 | S83: SM4 | T83: =VLOOKUP(Table2[[#This Row],[Detection means ? Safety mechanism(s) allowing to prevent the failure mode from being latent ?]],Table3[],2,FALSE) -> Watchdog | U83: =VLOOKUP(Table2[[#This Row],[Detection means ? Safety mechanism(s) allowing to prevent the failure mode from being latent ?]], Table3[], 6,FALSE) -> 0.99 | V83: =IF(Table2[[#This Row],[Failure mode that may lead to the violation of safety goals in combination with an independent failure of another block ?]]="Yes",(1-Table2[[#This Row],[Failure mode coverage with respect to latent failures]])*Table2[[#This Row],[Failure mode rate]], 0) -> 0.00051519977 | Y83: =IF(Table2[[#This Row],[SR]]="Yes",Table2[[#This Row],[λ]], 0) -> 0
A84: FM82 | B84: SPI | C84: Communication with MCU | F84: =VLOOKUP(Table2[Function], Table1[], 5, FALSE) -> 0.92735959 | G84: MISO shorted to adjacent pin MOSI (cover stuck at high) | H84: No | I84: - | J84: =1/18 -> 0.055555556 | K84: =Table2[[#This Row],[λ]]*Table2[[#This Row],[Failure rate distribution]] -> 0.051519977 | L84: - | M84: =VLOOKUP(Table2[[#This Row],[Applicable Safety mechanism]],Table3[],2,FALSE) -> Not applicable | N84: =VLOOKUP(Table2[[#This Row],[Applicable Safety mechanism]], Table3[], 3,FALSE) -> - | O84: =VLOOKUP(Table2[[#This Row],[Applicable Safety mechanism]], Table3[], 6,FALSE) -> 0 | P84: =IF(Table2[[#This Row],[Failure mode that has the potential to violate the safety goal in absence of safety mechanism?]]="Yes", Table2[[#This Row],[Failure mode rate]]*(1-Table2[[#This Row],[Failure mode coverage wrt. violation of safety goals]]), 0) -> 0 | Q84: Yes | R84: SC0015 | S84: SM4 | T84: =VLOOKUP(Table2[[#This Row],[Detection means ? Safety mechanism(s) allowing to prevent the failure mode from being latent ?]],Table3[],2,FALSE) -> Watchdog | U84: =VLOOKUP(Table2[[#This Row],[Detection means ? Safety mechanism(s) allowing to prevent the failure mode from being latent ?]], Table3[], 6,FALSE) -> 0.99 | V84: =IF(Table2[[#This Row],[Failure mode that may lead to the violation of safety goals in combination with an independent failure of another block ?]]="Yes",(1-Table2[[#This Row],[Failure mode coverage with respect to latent failures]])*Table2[[#This Row],[Failure mode rate]], 0) -> 0.00051519977 | Y84: =IF(Table2[[#This Row],[SR]]="Yes",Table2[[#This Row],[λ]], 0) -> 0
A85: FM83 | B85: SPI | C85: Communication with MCU | F85: =VLOOKUP(Table2[Function], Table1[], 5, FALSE) -> 0.92735959 | G85: MISO pin Open | H85: No | I85: - | J85: =1/18 -> 0.055555556 | K85: =Table2[[#This Row],[λ]]*Table2[[#This Row],[Failure rate distribution]] -> 0.051519977 | L85: - | M85: =VLOOKUP(Table2[[#This Row],[Applicable Safety mechanism]],Table3[],2,FALSE) -> Not applicable | N85: =VLOOKUP(Table2[[#This Row],[Applicable Safety mechanism]], Table3[], 3,FALSE) -> - | O85: =VLOOKUP(Table2[[#This Row],[Applicable Safety mechanism]], Table3[], 6,FALSE) -> 0 | P85: =IF(Table2[[#This Row],[Failure mode that has the potential to violate the safety goal in absence of safety mechanism?]]="Yes", Table2[[#This Row],[Failure mode rate]]*(1-Table2[[#This Row],[Failure mode coverage wrt. violation of safety goals]]), 0) -> 0 | Q85: Yes | R85: SC0015 | S85: SM4 | T85: =VLOOKUP(Table2[[#This Row],[Detection means ? Safety mechanism(s) allowing to prevent the failure mode from being latent ?]],Table3[],2,FALSE) -> Watchdog | U85: =VLOOKUP(Table2[[#This Row],[Detection means ? Safety mechanism(s) allowing to prevent the failure mode from being latent ?]], Table3[], 6,FALSE) -> 0.99 | V85: =IF(Table2[[#This Row],[Failure mode that may lead to the violation of safety goals in combination with an independent failure of another block ?]]="Yes",(1-Table2[[#This Row],[Failure mode coverage with respect to latent failures]])*Table2[[#This Row],[Failure mode rate]], 0) -> 0.00051519977 | Y85: =IF(Table2[[#This Row],[SR]]="Yes",Table2[[#This Row],[λ]], 0) -> 0
A86: FM84 | B86: SPI | C86: Communication with MCU | F86: =VLOOKUP(Table2[Function], Table1[], 5, FALSE) -> 0.92735959 | G86: MOSI shorted to GND | H86: No | I86: - | J86: =1/18 -> 0.055555556 | K86: =Table2[[#This Row],[λ]]*Table2[[#This Row],[Failure rate distribution]] -> 0.051519977 | L86: - | M86: =VLOOKUP(Table2[[#This Row],[Applicable Safety mechanism]],Table3[],2,FALSE) -> Not applicable | N86: =VLOOKUP(Table2[[#This Row],[Applicable Safety mechanism]], Table3[], 3,FALSE) -> - | O86: =VLOOKUP(Table2[[#This Row],[Applicable Safety mechanism]], Table3[], 6,FALSE) -> 0 | P86: =IF(Table2[[#This Row],[Failure mode that has the potential to violate the safety goal in absence of safety mechanism?]]="Yes", Table2[[#This Row],[Failure mode rate]]*(1-Table2[[#This Row],[Failure mode coverage wrt. violation of safety goals]]), 0) -> 0 | Q86: Yes | R86: SC0015 | S86: SM4 | T86: =VLOOKUP(Table2[[#This Row],[Detection means ? Safety mechanism(s) allowing to prevent the failure mode from being latent ?]],Table3[],2,FALSE) -> Watchdog | U86: =VLOOKUP(Table2[[#This Row],[Detection means ? Safety mechanism(s) allowing to prevent the failure mode from being latent ?]], Table3[], 6,FALSE) -> 0.99 | V86: =IF(Table2[[#This Row],[Failure mode that may lead to the violation of safety goals in combination with an independent failure of another block ?]]="Yes",(1-Table2[[#This Row],[Failure mode coverage with respect to latent failures]])*Table2[[#This Row],[Failure mode rate]], 0) -> 0.00051519977 | Y86: =IF(Table2[[#This Row],[SR]]="Yes",Table2[[#This Row],[λ]], 0) -> 0
A87: FM85 | B87: SPI | C87: Communication with MCU | F87: =VLOOKUP(Table2[Function], Table1[], 5, FALSE) -> 0.92735959 | G87: MOSI shorted to adjacent pin MISO | H87: No | I87: - | J87: =1/18 -> 0.055555556 | K87: =Table2[[#This Row],[λ]]*Table2[[#This Row],[Failure rate distribution]] -> 0.051519977 | L87: - | M87: =VLOOKUP(Table2[[#This Row],[Applicable Safety mechanism]],Table3[],2,FALSE) -> Not applicable | N87: =VLOOKUP(Table2[[#This Row],[Applicable Safety mechanism]], Table3[], 3,FALSE) -> - | O87: =VLOOKUP(Table2[[#This Row],[Applicable Safety mechanism]], Table3[], 6,FALSE) -> 0 | P87: =IF(Table2[[#This Row],[Failure mode that has the potential to violate the safety goal in absence of safety mechanism?]]="Yes", Table2[[#This Row],[Failure mode rate]]*(1-Table2[[#This Row],[Failure mode coverage wrt. violation of safety goals]]), 0) -> 0 | Q87: Yes | R87: SC0015 | S87: SM4 | T87: =VLOOKUP(Table2[[#This Row],[Detection means ? Safety mechanism(s) allowing to prevent the failure mode from being latent ?]],Table3[],2,FALSE) -> Watchdog | U87: =VLOOKUP(Table2[[#This Row],[Detection means ? Safety mechanism(s) allowing to prevent the failure mode from being latent ?]], Table3[], 6,FALSE) -> 0.99 | V87: =IF(Table2[[#This Row],[Failure mode that may lead to the violation of safety goals in combination with an independent failure of another block ?]]="Yes",(1-Table2[[#This Row],[Failure mode coverage with respect to latent failures]])*Table2[[#This Row],[Failure mode rate]], 0) -> 0.00051519977 | Y87: =IF(Table2[[#This Row],[SR]]="Yes",Table2[[#This Row],[λ]], 0) -> 0
A88: FM86 | B88: SPI | C88: Communication with MCU | F88: =VLOOKUP(Table2[Function], Table1[], 5, FALSE) -> 0.92735959 | G88: MOSI shorted to adjacent pin SCLK (cover stuck at high) | H88: No | I88: - | J88: =1/18 -> 0.055555556 | K88: =Table2[[#This Row],[λ]]*Table2[[#This Row],[Failure rate distribution]] -> 0.051519977 | L88: - | M88: =VLOOKUP(Table2[[#This Row],[Applicable Safety mechanism]],Table3[],2,FALSE) -> Not applicable | N88: =VLOOKUP(Table2[[#This Row],[Applicable Safety mechanism]], Table3[], 3,FALSE) -> - | O88: =VLOOKUP(Table2[[#This Row],[Applicable Safety mechanism]], Table3[], 6,FALSE) -> 0 | P88: =IF(Table2[[#This Row],[Failure mode that has the potential to violate the safety goal in absence of safety mechanism?]]="Yes", Table2[[#This Row],[Failure mode rate]]*(1-Table2[[#This Row],[Failure mode coverage wrt. violation of safety goals]]), 0) -> 0 | Q88: Yes | R88: SC0015 | S88: SM4 | T88: =VLOOKUP(Table2[[#This Row],[Detection means ? Safety mechanism(s) allowing to prevent the failure mode from being latent ?]],Table3[],2,FALSE) -> Watchdog | U88: =VLOOKUP(Table2[[#This Row],[Detection means ? Safety mechanism(s) allowing to prevent the failure mode from being latent ?]], Table3[], 6,FALSE) -> 0.99 | V88: =IF(Table2[[#This Row],[Failure mode that may lead to the violation of safety goals in combination with an independent failure of another block ?]]="Yes",(1-Table2[[#This Row],[Failure mode coverage with respect to latent failures]])*Table2[[#This Row],[Failure mode rate]], 0) -> 0.00051519977 | Y88: =IF(Table2[[#This Row],[SR]]="Yes",Table2[[#This Row],[λ]], 0) -> 0
A89: FM87 | B89: SPI | C89: Communication with MCU | F89: =VLOOKUP(Table2[Function], Table1[], 5, FALSE) -> 0.92735959 | G89: MOSI pin Open | H89: No | I89: - | J89: =1/18 -> 0.055555556 | K89: =Table2[[#This Row],[λ]]*Table2[[#This Row],[Failure rate distribution]] -> 0.051519977 | L89: - | M89: =VLOOKUP(Table2[[#This Row],[Applicable Safety mechanism]],Table3[],2,FALSE) -> Not applicable | N89: =VLOOKUP(Table2[[#This Row],[Applicable Safety mechanism]], Table3[], 3,FALSE) -> - | O89: =VLOOKUP(Table2[[#This Row],[Applicable Safety mechanism]], Table3[], 6,FALSE) -> 0 | P89: =IF(Table2[[#This Row],[Failure mode that has the potential to violate the safety goal in absence of safety mechanism?]]="Yes", Table2[[#This Row],[Failure mode rate]]*(1-Table2[[#This Row],[Failure mode coverage wrt. violation of safety goals]]), 0) -> 0 | Q89: Yes | R89: SC0015 | S89: SM4 | T89: =VLOOKUP(Table2[[#This Row],[Detection means ? Safety mechanism(s) allowing to prevent the failure mode from being latent ?]],Table3[],2,FALSE) -> Watchdog | U89: =VLOOKUP(Table2[[#This Row],[Detection means ? Safety mechanism(s) allowing to prevent the failure mode from being latent ?]], Table3[], 6,FALSE) -> 0.99 | V89: =IF(Table2[[#This Row],[Failure mode that may lead to the violation of safety goals in combination with an independent failure of another block ?]]="Yes",(1-Table2[[#This Row],[Failure mode coverage with respect to latent failures]])*Table2[[#This Row],[Failure mode rate]], 0) -> 0.00051519977 | Y89: =IF(Table2[[#This Row],[SR]]="Yes",Table2[[#This Row],[λ]], 0) -> 0
A90: FM88 | B90: SPI | C90: Communication with MCU | F90: =VLOOKUP(Table2[Function], Table1[], 5, FALSE) -> 0.92735959 | G90: SCLK shorted to GND | H90: No | I90: - | J90: =1/18 -> 0.055555556 | K90: =Table2[[#This Row],[λ]]*Table2[[#This Row],[Failure rate distribution]] -> 0.051519977 | L90: - | M90: =VLOOKUP(Table2[[#This Row],[Applicable Safety mechanism]],Table3[],2,FALSE) -> Not applicable | N90: =VLOOKUP(Table2[[#This Row],[Applicable Safety mechanism]], Table3[], 3,FALSE) -> - | O90: =VLOOKUP(Table2[[#This Row],[Applicable Safety mechanism]], Table3[], 6,FALSE) -> 0 | P90: =IF(Table2[[#This Row],[Failure mode that has the potential to violate the safety goal in absence of safety mechanism?]]="Yes", Table2[[#This Row],[Failure mode rate]]*(1-Table2[[#This Row],[Failure mode coverage wrt. violation of safety goals]]), 0) -> 0 | Q90: Yes | R90: SC0015 | S90: SM4 | T90: =VLOOKUP(Table2[[#This Row],[Detection means ? Safety mechanism(s) allowing to prevent the failure mode from being latent ?]],Table3[],2,FALSE) -> Watchdog | U90: =VLOOKUP(Table2[[#This Row],[Detection means ? Safety mechanism(s) allowing to prevent the failure mode from being latent ?]], Table3[], 6,FALSE) -> 0.99 | V90: =IF(Table2[[#This Row],[Failure mode that may lead to the violation of safety goals in combination with an independent failure of another block ?]]="Yes",(1-Table2[[#This Row],[Failure mode coverage with respect to latent failures]])*Table2[[#This Row],[Failure mode rate]], 0) -> 0.00051519977 | Y90: =IF(Table2[[#This Row],[SR]]="Yes",Table2[[#This Row],[λ]], 0) -> 0
A91: FM89 | B91: SPI | C91: Communication with MCU | F91: =VLOOKUP(Table2[Function], Table1[], 5, FALSE) -> 0.92735959 | G91: SCLK shorted to adjacent pin MOSI | H91: No | I91: - | J91: =1/18 -> 0.055555556 | K91: =Table2[[#This Row],[λ]]*Table2[[#This Row],[Failure rate distribution]] -> 0.051519977 | L91: - | M91: =VLOOKUP(Table2[[#This Row],[Applicable Safety mechanism]],Table3[],2,FALSE) -> Not applicable | N91: =VLOOKUP(Table2[[#This Row],[Applicable Safety mechanism]], Table3[], 3,FALSE) -> - | O91: =VLOOKUP(Table2[[#This Row],[Applicable Safety mechanism]], Table3[], 6,FALSE) -> 0 | P91: =IF(Table2[[#This Row],[Failure mode that has the potential to violate the safety goal in absence of safety mechanism?]]="Yes", Table2[[#This Row],[Failure mode rate]]*(1-Table2[[#This Row],[Failure mode coverage wrt. violation of safety goals]]), 0) -> 0 | Q91: Yes | R91: SC0015 | S91: SM4 | T91: =VLOOKUP(Table2[[#This Row],[Detection means ? Safety mechanism(s) allowing to prevent the failure mode from being latent ?]],Table3[],2,FALSE) -> Watchdog | U91: =VLOOKUP(Table2[[#This Row],[Detection means ? Safety mechanism(s) allowing to prevent the failure mode from being latent ?]], Table3[], 6,FALSE) -> 0.99 | V91: =IF(Table2[[#This Row],[Failure mode that may lead to the violation of safety goals in combination with an independent failure of another block ?]]="Yes",(1-Table2[[#This Row],[Failure mode coverage with respect to latent failures]])*Table2[[#This Row],[Failure mode rate]], 0) -> 0.00051519977 | Y91: =IF(Table2[[#This Row],[SR]]="Yes",Table2[[#This Row],[λ]], 0) -> 0
A92: FM90 | B92: SPI | C92: Communication with MCU | F92: =VLOOKUP(Table2[Function], Table1[], 5, FALSE) -> 0.92735959 | G92: SCLK shorted to adjacent pin ChipSelect (cover stuck at high) | H92: No | I92: - | J92: =1/18 -> 0.055555556 | K92: =Table2[[#This Row],[λ]]*Table2[[#This Row],[Failure rate distribution]] -> 0.051519977 | L92: - | M92: =VLOOKUP(Table2[[#This Row],[Applicable Safety mechanism]],Table3[],2,FALSE) -> Not applicable | N92: =VLOOKUP(Table2[[#This Row],[Applicable Safety mechanism]], Table3[], 3,FALSE) -> - | O92: =VLOOKUP(Table2[[#This Row],[Applicable Safety mechanism]], Table3[], 6,FALSE) -> 0 | P92: =IF(Table2[[#This Row],[Failure mode that has the potential to violate the safety goal in absence of safety mechanism?]]="Yes", Table2[[#This Row],[Failure mode rate]]*(1-Table2[[#This Row],[Failure mode coverage wrt. violation of safety goals]]), 0) -> 0 | Q92: Yes | R92: SC0015 | S92: SM4 | T92: =VLOOKUP(Table2[[#This Row],[Detection means ? Safety mechanism(s) allowing to prevent the failure mode from being latent ?]],Table3[],2,FALSE) -> Watchdog | U92: =VLOOKUP(Table2[[#This Row],[Detection means ? Safety mechanism(s) allowing to prevent the failure mode from being latent ?]], Table3[], 6,FALSE) -> 0.99 | V92: =IF(Table2[[#This Row],[Failure mode that may lead to the violation of safety goals in combination with an independent failure of another block ?]]="Yes",(1-Table2[[#This Row],[Failure mode coverage with respect to latent failures]])*Table2[[#This Row],[Failure mode rate]], 0) -> 0.00051519977 | Y92: =IF(Table2[[#This Row],[SR]]="Yes",Table2[[#This Row],[λ]], 0) -> 0
A93: FM91 | B93: SPI | C93: Communication with MCU | F93: =VLOOKUP(Table2[Function], Table1[], 5, FALSE) -> 0.92735959 | G93: SCLK pin open | H93: No | I93: - | J93: =1/18 -> 0.055555556 | K93: =Table2[[#This Row],[λ]]*Table2[[#This Row],[Failure rate distribution]] -> 0.051519977 | L93: - | M93: =VLOOKUP(Table2[[#This Row],[Applicable Safety mechanism]],Table3[],2,FALSE) -> Not applicable | N93: =VLOOKUP(Table2[[#This Row],[Applicable Safety mechanism]], Table3[], 3,FALSE) -> - | O93: =VLOOKUP(Table2[[#This Row],[Applicable Safety mechanism]], Table3[], 6,FALSE) -> 0 | P93: =IF(Table2[[#This Row],[Failure mode that has the potential to violate the safety goal in absence of safety mechanism?]]="Yes", Table2[[#This Row],[Failure mode rate]]*(1-Table2[[#This Row],[Failure mode coverage wrt. violation of safety goals]]), 0) -> 0 | Q93: Yes | R93: SC0015 | S93: SM4 | T93: =VLOOKUP(Table2[[#This Row],[Detection means ? Safety mechanism(s) allowing to prevent the failure mode from being latent ?]],Table3[],2,FALSE) -> Watchdog | U93: =VLOOKUP(Table2[[#This Row],[Detection means ? Safety mechanism(s) allowing to prevent the failure mode from being latent ?]], Table3[], 6,FALSE) -> 0.99 | V93: =IF(Table2[[#This Row],[Failure mode that may lead to the violation of safety goals in combination with an independent failure of another block ?]]="Yes",(1-Table2[[#This Row],[Failure mode coverage with respect to latent failures]])*Table2[[#This Row],[Failure mode rate]], 0) -> 0.00051519977 | Y93: =IF(Table2[[#This Row],[SR]]="Yes",Table2[[#This Row],[λ]], 0) -> 0
... A98: FM96 | B98: SPI | C98: Communication with MCU | F98: =VLOOKUP(Table2[Function], Table1[], 5, FALSE) -> 0.92735959 | G98: Internal fault caused by DC fault model | H98: No | I98: - | J98: =1/18 -> 0.055555556 | K98: =Table2[[#This Row],[λ]]*Table2[[#This Row],[Failure rate distribution]] -> 0.051519977 | L98: - | M98: =VLOOKUP(Table2[[#This Row],[Applicable Safety mechanism]],Table3[],2,FALSE) -> Not applicable | N98: =VLOOKUP(Table2[[#This Row],[Applicable Safety mechanism]], Table3[], 3,FALSE) -> - | O98: =VLOOKUP(Table2[[#This Row],[Applicable Safety mechanism]], Table3[], 6,FALSE) -> 0 | P98: =IF(Table2[[#This Row],[Failure mode that has the potential to violate the safety goal in absence of safety mechanism?]]="Yes", Table2[[#This Row],[Failure mode rate]]*(1-Table2[[#This Row],[Failure mode coverage wrt. violation of safety goals]]), 0) -> 0 | Q98: Yes | R98: SC0015 | S98: SM4 | T98: =VLOOKUP(Table2[[#This Row],[Detection means ? Safety mechanism(s) allowing to prevent the failure mode from being latent ?]],Table3[],2,FALSE) -> Watchdog | U98: =VLOOKUP(Table2[[#This Row],[Detection means ? Safety mechanism(s) allowing to prevent the failure mode from being latent ?]], Table3[], 6,FALSE) -> 0.99 | V98: =IF(Table2[[#This Row],[Failure mode that may lead to the violation of safety goals in combination with an independent failure of another block ?]]="Yes",(1-Table2[[#This Row],[Failure mode coverage with respect to latent failures]])*Table2[[#This Row],[Failure mode rate]], 0) -> 0.00051519977 | Y98: =IF(Table2[[#This Row],[SR]]="Yes",Table2[[#This Row],[λ]], 0) -> 0
A99: FM97 | B99: SPI | C99: Communication with MCU | D99: - | F99: =VLOOKUP(Table2[Function], Table1[], 5, FALSE) -> 0.92735959 | G99: - | H99: - | I99: - | J99: - | K99: - | L99: - | M99: - | N99: - | O99: - | P99: - | Q99: -
A100: FM98 | B100: Watchdog | C100: Temporal system monitoring | D100: MOSI MISO SCLK NSC AGND RSTb FS0b | E100: Faile Safe State Machine | F100: =VLOOKUP(Table2[Function], Table1[], 5, FALSE) -> 1.6920852 | G100: WD timeout inhibited | H100: No | I100: - | J100: =1/5 -> 0.2 | K100: =Table2[[#This Row],[λ]]*Table2[[#This Row],[Failure rate distribution]] -> 0.33841704 | L100: - | M100: =VLOOKUP(Table2[[#This Row],[Applicable Safety mechanism]],Table3[],2,FALSE) -> Not applicable | N100: =VLOOKUP(Table2[[#This Row],[Applicable Safety mechanism]], Table3[], 3,FALSE) -> - | O100: =VLOOKUP(Table2[[#This Row],[Applicable Safety mechanism]], Table3[], 6,FALSE) -> 0 | P100: =IF(Table2[[#This Row],[Failure mode that has the potential to violate the safety goal in absence of safety mechanism?]]="Yes", Table2[[#This Row],[Failure mode rate]]*(1-Table2[[#This Row],[Failure mode coverage wrt. violation of safety goals]]), 0) -> 0 | Q100: Yes | R100: SC0015 | S100: ABIST & LBIST | T100: =VLOOKUP(Table2[[#This Row],[Detection means ? Safety mechanism(s) allowing to prevent the failure mode from being latent ?]],Table3[],2,FALSE) -> Analog and Logical BuitIn Self Test | U100: =VLOOKUP(Table2[[#This Row],[Detection means ? Safety mechanism(s) allowing to prevent the failure mode from being latent ?]], Table3[], 6,FALSE) -> 0.6 | V100: =IF(Table2[[#This Row],[Failure mode that may lead to the violation of safety goals in combination with an independent failure of another block ?]]="Yes",(1-Table2[[#This Row],[Failure mode coverage with respect to latent failures]])*Table2[[#This Row],[Failure mode rate]], 0) -> 0.13536682 | X100: Yes | Y100: =IF(Table2[[#This Row],[SR]]="Yes",Table2[[#This Row],[λ]], 0) -> 1.6920852
A101: FM99 | B101: Watchdog | C101: Temporal system monitoring | F101: =VLOOKUP(Table2[Function], Table1[], 5, FALSE) -> 1.6920852 | G101: WD windows always Opened (No or small closed window) | H101: No | I101: - | J101: =1/5 -> 0.2 | K101: =Table2[[#This Row],[λ]]*Table2[[#This Row],[Failure rate distribution]] -> 0.33841704 | L101: - | M101: =VLOOKUP(Table2[[#This Row],[Applicable Safety mechanism]],Table3[],2,FALSE) -> Not applicable | N101: =VLOOKUP(Table2[[#This Row],[Applicable Safety mechanism]], Table3[], 3,FALSE) -> - | O101: =VLOOKUP(Table2[[#This Row],[Applicable Safety mechanism]], Table3[], 6,FALSE) -> 0 | P101: =IF(Table2[[#This Row],[Failure mode that has the potential to violate the safety goal in absence of safety mechanism?]]="Yes", Table2[[#This Row],[Failure mode rate]]*(1-Table2[[#This Row],[Failure mode coverage wrt. violation of safety goals]]), 0) -> 0 | Q101: Yes | R101: SC0015 | S101: ABIST & LBIST | T101: =VLOOKUP(Table2[[#This Row],[Detection means ? Safety mechanism(s) allowing to prevent the failure mode from being latent ?]],Table3[],2,FALSE) -> Analog and Logical BuitIn Self Test | U101: =VLOOKUP(Table2[[#This Row],[Detection means ? Safety mechanism(s) allowing to prevent the failure mode from being latent ?]], Table3[], 6,FALSE) -> 0.6 | V101: =IF(Table2[[#This Row],[Failure mode that may lead to the violation of safety goals in combination with an independent failure of another block ?]]="Yes",(1-Table2[[#This Row],[Failure mode coverage with respect to latent failures]])*Table2[[#This Row],[Failure mode rate]], 0) -> 0.13536682 | Y101: =IF(Table2[[#This Row],[SR]]="Yes",Table2[[#This Row],[λ]], 0) -> 0
A102: FM100 | B102: Watchdog | C102: Temporal system monitoring | F102: =VLOOKUP(Table2[Function], Table1[], 5, FALSE) -> 1.6920852 | G102: WD answer always OK | H102: No | I102: - | J102: =1/5 -> 0.2 | K102: =Table2[[#This Row],[λ]]*Table2[[#This Row],[Failure rate distribution]] -> 0.33841704 | L102: - | M102: =VLOOKUP(Table2[[#This Row],[Applicable Safety mechanism]],Table3[],2,FALSE) -> Not applicable | N102: =VLOOKUP(Table2[[#This Row],[Applicable Safety mechanism]], Table3[], 3,FALSE) -> - | O102: =VLOOKUP(Table2[[#This Row],[Applicable Safety mechanism]], Table3[], 6,FALSE) -> 0 | P102: =IF(Table2[[#This Row],[Failure mode that has the potential to violate the safety goal in absence of safety mechanism?]]="Yes", Table2[[#This Row],[Failure mode rate]]*(1-Table2[[#This Row],[Failure mode coverage wrt. violation of safety goals]]), 0) -> 0 | Q102: Yes | R102: SC0015 | S102: ABIST & LBIST | T102: =VLOOKUP(Table2[[#This Row],[Detection means ? Safety mechanism(s) allowing to prevent the failure mode from being latent ?]],Table3[],2,FALSE) -> Analog and Logical BuitIn Self Test | U102: =VLOOKUP(Table2[[#This Row],[Detection means ? Safety mechanism(s) allowing to prevent the failure mode from being latent ?]], Table3[], 6,FALSE) -> 0.6 | V102: =IF(Table2[[#This Row],[Failure mode that may lead to the violation of safety goals in combination with an independent failure of another block ?]]="Yes",(1-Table2[[#This Row],[Failure mode coverage with respect to latent failures]])*Table2[[#This Row],[Failure mode rate]], 0) -> 0.13536682 | Y102: =IF(Table2[[#This Row],[SR]]="Yes",Table2[[#This Row],[λ]], 0) -> 0
A103: FM101 | B103: Watchdog | C103: Temporal system monitoring | F103: =VLOOKUP(Table2[Function], Table1[], 5, FALSE) -> 1.6920852 | G103: WD error counter stuck (no reset genarated) | H103: No | I103: - | J103: =1/5 -> 0.2 | K103: =Table2[[#This Row],[λ]]*Table2[[#This Row],[Failure rate distribution]] -> 0.33841704 | L103: - | M103: =VLOOKUP(Table2[[#This Row],[Applicable Safety mechanism]],Table3[],2,FALSE) -> Not applicable | N103: =VLOOKUP(Table2[[#This Row],[Applicable Safety mechanism]], Table3[], 3,FALSE) -> - | O103: =VLOOKUP(Table2[[#This Row],[Applicable Safety mechanism]], Table3[], 6,FALSE) -> 0 | P103: =IF(Table2[[#This Row],[Failure mode that has the potential to violate the safety goal in absence of safety mechanism?]]="Yes", Table2[[#This Row],[Failure mode rate]]*(1-Table2[[#This Row],[Failure mode coverage wrt. violation of safety goals]]), 0) -> 0 | Q103: Yes | R103: SC0015 | S103: ABIST & LBIST | T103: =VLOOKUP(Table2[[#This Row],[Detection means ? Safety mechanism(s) allowing to prevent the failure mode from being latent ?]],Table3[],2,FALSE) -> Analog and Logical BuitIn Self Test | U103: =VLOOKUP(Table2[[#This Row],[Detection means ? Safety mechanism(s) allowing to prevent the failure mode from being latent ?]], Table3[], 6,FALSE) -> 0.6 | V103: =IF(Table2[[#This Row],[Failure mode that may lead to the violation of safety goals in combination with an independent failure of another block ?]]="Yes",(1-Table2[[#This Row],[Failure mode coverage with respect to latent failures]])*Table2[[#This Row],[Failure mode rate]], 0) -> 0.13536682 | Y103: =IF(Table2[[#This Row],[SR]]="Yes",Table2[[#This Row],[λ]], 0) -> 0
A104: FM102 | B104: Watchdog | C104: Temporal system monitoring | F104: =VLOOKUP(Table2[Function], Table1[], 5, FALSE) -> 1.6920852 | G104: WD Refresh counter stuck at max value (No reset genarated) | H104: No | I104: - | J104: =1/5 -> 0.2 | K104: =Table2[[#This Row],[λ]]*Table2[[#This Row],[Failure rate distribution]] -> 0.33841704 | L104: - | M104: =VLOOKUP(Table2[[#This Row],[Applicable Safety mechanism]],Table3[],2,FALSE) -> Not applicable | N104: =VLOOKUP(Table2[[#This Row],[Applicable Safety mechanism]], Table3[], 3,FALSE) -> - | O104: =VLOOKUP(Table2[[#This Row],[Applicable Safety mechanism]], Table3[], 6,FALSE) -> 0 | P104: =IF(Table2[[#This Row],[Failure mode that has the potential to violate the safety goal in absence of safety mechanism?]]="Yes", Table2[[#This Row],[Failure mode rate]]*(1-Table2[[#This Row],[Failure mode coverage wrt. violation of safety goals]]), 0) -> 0 | Q104: Yes | R104: SC0015 | S104: ABIST & LBIST | T104: =VLOOKUP(Table2[[#This Row],[Detection means ? Safety mechanism(s) allowing to prevent the failure mode from being latent ?]],Table3[],2,FALSE) -> Analog and Logical BuitIn Self Test | U104: =VLOOKUP(Table2[[#This Row],[Detection means ? Safety mechanism(s) allowing to prevent the failure mode from being latent ?]], Table3[], 6,FALSE) -> 0.6 | V104: =IF(Table2[[#This Row],[Failure mode that may lead to the violation of safety goals in combination with an independent failure of another block ?]]="Yes",(1-Table2[[#This Row],[Failure mode coverage with respect to latent failures]])*Table2[[#This Row],[Failure mode rate]], 0) -> 0.13536682 | Y104: =IF(Table2[[#This Row],[SR]]="Yes",Table2[[#This Row],[λ]], 0) -> 0
...

Sheet FMEDA_PWRUP
O1: SPFM = | P1: =1-Table26[[#Totals],[Residual of single point fault failure rate/FIT]]/Table26[[#Totals],[λSR]] -> 0.99661514 | U1: LFM = | V1: =1-(Table26[[#Totals],[Latent multiple point fault failure rate/FIT]]/((Table26[[#Totals],[λSR]])-Table26[[#Totals],[Residual of single point fault failure rate/FIT]])) -> 0.98085621
A2: # | B2: Function | C2: Function Description | D2: Product pins linked to Block (PinFMEA Link) | E2: Block identification linked to block | F2: λ | G2: Failure mode | H2: Failure mode that has the potential to violate the safety goal in absence of safety mechanism? | I2: Safety Requirement Violated | J2: Failure rate distribution | K2: Failure mode rate | L2: Applicable Safety mechanism | M2: Safety Mechanism(s) allowing to prevent the failure mode from violating the safety goals | N2: §ISO 26262 | O2: Failure mode coverage wrt. violation of safety goals | P2: Residual of single point fault failure rate/FIT | Q2: Failure mode that may lead to the violation of safety goals in combination with an independent failure of another block ? | R2: Safety Requirement Violated (Latent) | S2: Detection means ? Safety mechanism(s) allowing to prevent the failure mode from being latent ? | T2: Safety Mechanism(s) allowing to prevent the latent failure mode from violating the safety goals | U2: Failure mode coverage with respect to latent failures | V2: Latent multiple point fault failure rate/FIT | W2: Comments | X2: SR | Y2: λSR
A3: FM233 | B3: Vcore | C3: MCU core Supply | D3: FB_CORE Comp_core Vcore_sns VSW_core Boot_core Vpre DGND | E3: Analog Reference #1 Charge Pump Power Management state machine | F3: =VLOOKUP(Table26[Function], Table1[], 5, FALSE) -> 8.9517883 | G3: Overvoltage | H3: No | I3: - | J3: 0.098 | K3: =Table26[[#This Row],[λ]]*Table26[[#This Row],[Failure rate distribution]] -> 0.87727525 | L3: - | M3: =VLOOKUP(Table26[[#This Row],[Applicable Safety mechanism]],Table3[],2,FALSE) -> Not applicable | N3: =VLOOKUP(Table26[[#This Row],[Applicable Safety mechanism]], Table3[], 3,FALSE) -> - | O3: =VLOOKUP(Table26[[#This Row],[Applicable Safety mechanism]], Table3[], 6,FALSE) -> 0 | P3: =IF(Table26[[#This Row],[Failure mode that has the potential to violate the safety goal in absence of safety mechanism?]]="Yes", Table26[[#This Row],[Failure mode rate]]*(1-Table26[[#This Row],[Failure mode coverage wrt. violation of safety goals]]), 0) -> 0 | Q3: No | V3: =IF(Table26[[#This Row],[Failure mode that may lead to the violation of safety goals in combination with an independent failure of another block ?]]="Yes",(1-Table26[[#This Row],[Failure mode coverage with respect to latent failures]])*Table26[[#This Row],[Failure mode rate]], 0) -> 0 | X3: Yes | Y3: =IF(Table26[[#This Row],[SR]]="Yes",Table26[[#This Row],[λ]], 0) -> 8.9517883
A4: FM234 | B4: Vcore | C4: MCU core Supply | F4: =VLOOKUP(Table26[Function], Table1[], 5, FALSE) -> 8.9517883 | G4: Under voltage | H4: No | I4: - | J4: 0.098 | K4: =Table26[[#This Row],[λ]]*Table26[[#This Row],[Failure rate distribution]] -> 0.87727525 | L4: - | M4: =VLOOKUP(Table26[[#This Row],[Applicable Safety mechanism]],Table3[],2,FALSE) -> Not applicable | N4: =VLOOKUP(Table26[[#This Row],[Applicable Safety mechanism]], Table3[], 3,FALSE) -> - | O4: =VLOOKUP(Table26[[#This Row],[Applicable Safety mechanism]], Table3[], 6,FALSE) -> 0 | P4: =IF(Table26[[#This Row],[Failure mode that has the potential to violate the safety goal in absence of safety mechanism?]]="Yes", Table26[[#This Row],[Failure mode rate]]*(1-Table26[[#This Row],[Failure mode coverage wrt. violation of safety goals]]), 0) -> 0 | Q4: No | V4: =IF(Table26[[#This Row],[Failure mode that may lead to the violation of safety goals in combination with an independent failure of another block ?]]="Yes",(1-Table26[[#This Row],[Failure mode coverage with respect to latent failures]])*Table26[[#This Row],[Failure mode rate]], 0) -> 0 | Y4: =IF(Table26[[#This Row],[SR]]="Yes",Table26[[#This Row],[λ]], 0) -> 0
A5: FM235 | B5: Vcore | C5: MCU core Supply | F5: =VLOOKUP(Table26[Function], Table1[], 5, FALSE) -> 8.9517883 | G5: Drift on external resistor bridge | H5: No | I5: - | J5: 0 | K5: =Table26[[#This Row],[λ]]*Table26[[#This Row],[Failure rate distribution]] -> 0 | L5: - | M5: =VLOOKUP(Table26[[#This Row],[Applicable Safety mechanism]],Table3[],2,FALSE) -> Not applicable | N5: =VLOOKUP(Table26[[#This Row],[Applicable Safety mechanism]], Table3[], 3,FALSE) -> - | O5: =VLOOKUP(Table26[[#This Row],[Applicable Safety mechanism]], Table3[], 6,FALSE) -> 0 | P5: =IF(Table26[[#This Row],[Failure mode that has the potential to violate the safety goal in absence of safety mechanism?]]="Yes", Table26[[#This Row],[Failure mode rate]]*(1-Table26[[#This Row],[Failure mode coverage wrt. violation of safety goals]]), 0) -> 0 | Q5: No | V5: =IF(Table26[[#This Row],[Failure mode that may lead to the violation of safety goals in combination with an independent failure of another block ?]]="Yes",(1-Table26[[#This Row],[Failure mode coverage with respect to latent failures]])*Table26[[#This Row],[Failure mode rate]], 0) -> 0 | Y5: =IF(Table26[[#This Row],[SR]]="Yes",Table26[[#This Row],[λ]], 0) -> 0
A6: FM236 | B6: Vcore | C6: MCU core Supply | F6: =VLOOKUP(Table26[Function], Table1[], 5, FALSE) -> 8.9517883 | G6: Voltage oscillation | H6: No | I6: - | J6: 0.098 | K6: =Table26[[#This Row],[λ]]*Table26[[#This Row],[Failure rate distribution]] -> 0.87727525 | L6: - | M6: =VLOOKUP(Table26[[#This Row],[Applicable Safety mechanism]],Table3[],2,FALSE) -> Not applicable | N6: =VLOOKUP(Table26[[#This Row],[Applicable Safety mechanism]], Table3[], 3,FALSE) -> - | O6: =VLOOKUP(Table26[[#This Row],[Applicable Safety mechanism]], Table3[], 6,FALSE) -> 0 | P6: =IF(Table26[[#This Row],[Failure mode that has the potential to violate the safety goal in absence of safety mechanism?]]="Yes", Table26[[#This Row],[Failure mode rate]]*(1-Table26[[#This Row],[Failure mode coverage wrt. violation of safety goals]]), 0) -> 0 | Q6: No | V6: =IF(Table26[[#This Row],[Failure mode that may lead to the violation of safety goals in combination with an independent failure of another block ?]]="Yes",(1-Table26[[#This Row],[Failure mode coverage with respect to latent failures]])*Table26[[#This Row],[Failure mode rate]], 0) -> 0 | Y6: =IF(Table26[[#This Row],[SR]]="Yes",Table26[[#This Row],[λ]], 0) -> 0
A7: FM237 | B7: Vcore | C7: MCU core Supply | F7: =VLOOKUP(Table26[Function], Table1[], 5, FALSE) -> 8.9517883 | G7: Power spikes | H7: No | I7: - | J7: 0.098 | K7: =Table26[[#This Row],[λ]]*Table26[[#This Row],[Failure rate distribution]] -> 0.87727525 | L7: - | M7: =VLOOKUP(Table26[[#This Row],[Applicable Safety mechanism]],Table3[],2,FALSE) -> Not applicable | N7: =VLOOKUP(Table26[[#This Row],[Applicable Safety mechanism]], Table3[], 3,FALSE) -> - | O7: =VLOOKUP(Table26[[#This Row],[Applicable Safety mechanism]], Table3[], 6,FALSE) -> 0 | P7: =IF(Table26[[#This Row],[Failure mode that has the potential to violate the safety goal in absence of safety mechanism?]]="Yes", Table26[[#This Row],[Failure mode rate]]*(1-Table26[[#This Row],[Failure mode coverage wrt. violation of safety goals]]), 0) -> 0 | Q7: No | V7: =IF(Table26[[#This Row],[Failure mode that may lead to the violation of safety goals in combination with an independent failure of another block ?]]="Yes",(1-Table26[[#This Row],[Failure mode coverage with respect to latent failures]])*Table26[[#This Row],[Failure mode rate]], 0) -> 0 | Y7: =IF(Table26[[#This Row],[SR]]="Yes",Table26[[#This Row],[λ]], 0) -> 0
A8: FM238 | B8: Vcore | C8: MCU core Supply | F8: =VLOOKUP(Table26[Function], Table1[], 5, FALSE) -> 8.9517883 | G8: Drift | H8: No | I8: - | J8: 0.098 | K8: =Table26[[#This Row],[λ]]*Table26[[#This Row],[Failure rate distribution]] -> 0.87727525 | L8: - | M8: =VLOOKUP(Table26[[#This Row],[Applicable Safety mechanism]],Table3[],2,FALSE) -> Not applicable | N8: =VLOOKUP(Table26[[#This Row],[Applicable Safety mechanism]], Table3[], 3,FALSE) -> - | O8: =VLOOKUP(Table26[[#This Row],[Applicable Safety mechanism]], Table3[], 6,FALSE) -> 0 | P8: =IF(Table26[[#This Row],[Failure mode that has the potential to violate the safety goal in absence of safety mechanism?]]="Yes", Table26[[#This Row],[Failure mode rate]]*(1-Table26[[#This Row],[Failure mode coverage wrt. violation of safety goals]]), 0) -> 0 | Q8: No | V8: =IF(Table26[[#This Row],[Failure mode that may lead to the violation of safety goals in combination with an independent failure of another block ?]]="Yes",(1-Table26[[#This Row],[Failure mode coverage with respect to latent failures]])*Table26[[#This Row],[Failure mode rate]], 0) -> 0 | Y8: =IF(Table26[[#This Row],[SR]]="Yes",Table26[[#This Row],[λ]], 0) -> 0
A9: FM239 | B9: Vcore | C9: MCU core Supply | F9: =VLOOKUP(Table26[Function], Table1[], 5, FALSE) -> 8.9517883 | G9: FB_core pin shorted to GND | H9: No | I9: - | J9: 0.098 | K9: =Table26[[#This Row],[λ]]*Table26[[#This Row],[Failure rate distribution]] -> 0.87727525 | L9: - | M9: =VLOOKUP(Table26[[#This Row],[Applicable Safety mechanism]],Table3[],2,FALSE) -> Not applicable | N9: =VLOOKUP(Table26[[#This Row],[Applicable Safety mechanism]], Table3[], 3,FALSE) -> - | O9: =VLOOKUP(Table26[[#This Row],[Applicable Safety mechanism]], Table3[], 6,FALSE) -> 0 | P9: =IF(Table26[[#This Row],[Failure mode that has the potential to violate the safety goal in absence of safety mechanism?]]="Yes", Table26[[#This Row],[Failure mode rate]]*(1-Table26[[#This Row],[Failure mode coverage wrt. violation of safety goals]]), 0) -> 0 | Q9: No | V9: =IF(Table26[[#This Row],[Failure mode that may lead to the violation of safety goals in combination with an independent failure of another block ?]]="Yes",(1-Table26[[#This Row],[Failure mode coverage with respect to latent failures]])*Table26[[#This Row],[Failure mode rate]], 0) -> 0 | Y9: =IF(Table26[[#This Row],[SR]]="Yes",Table26[[#This Row],[λ]], 0) -> 0
A10: FM240 | B10: Vcore | C10: MCU core Supply | F10: =VLOOKUP(Table26[Function], Table1[], 5, FALSE) -> 8.9517883 | G10: FB_core pin shorted to High | H10: No | I10: - | J10: 0.098 | K10: =Table26[[#This Row],[λ]]*Table26[[#This Row],[Failure rate distribution]] -> 0.87727525 | L10: - | M10: =VLOOKUP(Table26[[#This Row],[Applicable Safety mechanism]],Table3[],2,FALSE) -> Not applicable | N10: =VLOOKUP(Table26[[#This Row],[Applicable Safety mechanism]], Table3[], 3,FALSE) -> - | O10: =VLOOKUP(Table26[[#This Row],[Applicable Safety mechanism]], Table3[], 6,FALSE) -> 0 | P10: =IF(Table26[[#This Row],[Failure mode that has the potential to violate the safety goal in absence of safety mechanism?]]="Yes", Table26[[#This Row],[Failure mode rate]]*(1-Table26[[#This Row],[Failure mode coverage wrt. violation of safety goals]]), 0) -> 0 | Q10: No | V10: =IF(Table26[[#This Row],[Failure mode that may lead to the violation of safety goals in combination with an independent failure of another block ?]]="Yes",(1-Table26[[#This Row],[Failure mode coverage with respect to latent failures]])*Table26[[#This Row],[Failure mode rate]], 0) -> 0 | Y10: =IF(Table26[[#This Row],[SR]]="Yes",Table26[[#This Row],[λ]], 0) -> 0
A11: FM241 | B11: Vcore | C11: MCU core Supply | F11: =VLOOKUP(Table26[Function], Table1[], 5, FALSE) -> 8.9517883 | G11: FB_core pin open | H11: No | I11: - | J11: 0.098 | K11: =Table26[[#This Row],[λ]]*Table26[[#This Row],[Failure rate distribution]] -> 0.87727525 | L11: - | M11: =VLOOKUP(Table26[[#This Row],[Applicable Safety mechanism]],Table3[],2,FALSE) -> Not applicable | N11: =VLOOKUP(Table26[[#This Row],[Applicable Safety mechanism]], Table3[], 3,FALSE) -> - | O11: =VLOOKUP(Table26[[#This Row],[Applicable Safety mechanism]], Table3[], 6,FALSE) -> 0 | P11: =IF(Table26[[#This Row],[Failure mode that has the potential to violate the safety goal in absence of safety mechanism?]]="Yes", Table26[[#This Row],[Failure mode rate]]*(1-Table26[[#This Row],[Failure mode coverage wrt. violation of safety goals]]), 0) -> 0 | Q11: No | V11: =IF(Table26[[#This Row],[Failure mode that may lead to the violation of safety goals in combination with an independent failure of another block ?]]="Yes",(1-Table26[[#This Row],[Failure mode coverage with respect to latent failures]])*Table26[[#This Row],[Failure mode rate]], 0) -> 0 | Y11: =IF(Table26[[#This Row],[SR]]="Yes",Table26[[#This Row],[λ]], 0) -> 0
A12: FM242 | B12: Vcore | C12: MCU core Supply | F12: =VLOOKUP(Table26[Function], Table1[], 5, FALSE) -> 8.9517883 | G12: FB_core pin shorted to adjacent pin "comp_core" | H12: No | I12: - | J12: 0.098 | K12: =Table26[[#This Row],[λ]]*Table26[[#This Row],[Failure rate distribution]] -> 0.87727525 | L12: - | M12: =VLOOKUP(Table26[[#This Row],[Applicable Safety mechanism]],Table3[],2,FALSE) -> Not applicable | N12: =VLOOKUP(Table26[[#This Row],[Applicable Safety mechanism]], Table3[], 3,FALSE) -> - | O12: =VLOOKUP(Table26[[#This Row],[Applicable Safety mechanism]], Table3[], 6,FALSE) -> 0 | P12: =IF(Table26[[#This Row],[Failure mode that has the potential to violate the safety goal in absence of safety mechanism?]]="Yes", Table26[[#This Row],[Failure mode rate]]*(1-Table26[[#This Row],[Failure mode coverage wrt. violation of safety goals]]), 0) -> 0 | Q12: No | V12: =IF(Table26[[#This Row],[Failure mode that may lead to the violation of safety goals in combination with an independent failure of another block ?]]="Yes",(1-Table26[[#This Row],[Failure mode coverage with respect to latent failures]])*Table26[[#This Row],[Failure mode rate]], 0) -> 0 | Y12: =IF(Table26[[#This Row],[SR]]="Yes",Table26[[#This Row],[λ]], 0) -> 0
A13: FM243 | B13: Vcore | C13: MCU core Supply | F13: =VLOOKUP(Table26[Function], Table1[], 5, FALSE) -> 8.9517883 | G13: FB_core pin shorted to adjacent pin "HW_select" | H13: No | I13: - | J13: 0.098 | K13: =Table26[[#This Row],[λ]]*Table26[[#This Row],[Failure rate distribution]] -> 0.87727525 | L13: - | M13: =VLOOKUP(Table26[[#This Row],[Applicable Safety mechanism]],Table3[],2,FALSE) -> Not applicable | N13: =VLOOKUP(Table26[[#This Row],[Applicable Safety mechanism]], Table3[], 3,FALSE) -> - | O13: =VLOOKUP(Table26[[#This Row],[Applicable Safety mechanism]], Table3[], 6,FALSE) -> 0 | P13: =IF(Table26[[#This Row],[Failure mode that has the potential to violate the safety goal in absence of safety mechanism?]]="Yes", Table26[[#This Row],[Failure mode rate]]*(1-Table26[[#This Row],[Failure mode coverage wrt. violation of safety goals]]), 0) -> 0 | Q13: No | V13: =IF(Table26[[#This Row],[Failure mode that may lead to the violation of safety goals in combination with an independent failure of another block ?]]="Yes",(1-Table26[[#This Row],[Failure mode coverage with respect to latent failures]])*Table26[[#This Row],[Failure mode rate]], 0) -> 0 | Y13: =IF(Table26[[#This Row],[SR]]="Yes",Table26[[#This Row],[λ]], 0) -> 0
A14: FM244 | B14: Vcore | C14: MCU core Supply | F14: =VLOOKUP(Table26[Function], Table1[], 5, FALSE) -> 8.9517883 | G14: EDC failure in Power Management State Management | H14: Yes | I14: SC0006 | J14: 0.01 | K14: =Table26[[#This Row],[λ]]*Table26[[#This Row],[Failure rate distribution]] -> 0.089517883 | L14: - | M14: =VLOOKUP(Table26[[#This Row],[Applicable Safety mechanism]],Table3[],2,FALSE) -> Not applicable | N14: =VLOOKUP(Table26[[#This Row],[Applicable Safety mechanism]], Table3[], 3,FALSE) -> - | O14: =VLOOKUP(Table26[[#This Row],[Applicable Safety mechanism]], Table3[], 6,FALSE) -> 0 | P14: =IF(Table26[[#This Row],[Failure mode that has the potential to violate the safety goal in absence of safety mechanism?]]="Yes", Table26[[#This Row],[Failure mode rate]]*(1-Table26[[#This Row],[Failure mode coverage wrt. violation of safety goals]]), 0) -> 0.089517883 | Q14: No | V14: =IF(Table26[[#This Row],[Failure mode that may lead to the violation of safety goals in combination with an independent failure of another block ?]]="Yes",(1-Table26[[#This Row],[Failure mode coverage with respect to latent failures]])*Table26[[#This Row],[Failure mode rate]], 0) -> 0 | Y14: =IF(Table26[[#This Row],[SR]]="Yes",Table26[[#This Row],[λ]], 0) -> 0
A15: FM245 | B15: Vcore | C15: MCU core Supply | F15: =VLOOKUP(Table26[Function], Table1[], 5, FALSE) -> 8.9517883 | G15: Fuse in Power Management State Machine failure | H15: Yes | I15: SC0006 | J15: 0.01 | K15: =Table26[[#This Row],[λ]]*Table26[[#This Row],[Failure rate distribution]] -> 0.089517883 | L15: SM8 | M15: =VLOOKUP(Table26[[#This Row],[Applicable Safety mechanism]],Table3[],2,FALSE) -> Error Detection Correction Code (EDC) | N15: =VLOOKUP(Table26[[#This Row],[Applicable Safety mechanism]], Table3[], 3,FALSE) -> D.2.4.1 | O15: =VLOOKUP(Table26[[#This Row],[Applicable Safety mechanism]], Table3[], 6,FALSE) -> 0.6 | P15: =IF(Table26[[#This Row],[Failure mode that has the potential to violate the safety goal in absence of safety mechanism?]]="Yes", Table26[[#This Row],[Failure mode rate]]*(1-Table26[[#This Row],[Failure mode coverage wrt. violation of safety goals]]), 0) -> 0.035807153 | Q15: No | V15: =IF(Table26[[#This Row],[Failure mode that may lead to the violation of safety goals in combination with an independent failure of another block ?]]="Yes",(1-Table26[[#This Row],[Failure mode coverage with respect to latent failures]])*Table26[[#This Row],[Failure mode rate]], 0) -> 0 | Y15: =IF(Table26[[#This Row],[SR]]="Yes",Table26[[#This Row],[λ]], 0) -> 0
A16: FM246 | B16: Vcore | C16: MCU core Supply | D16: - | F16: =VLOOKUP(Table26[Function], Table1[], 5, FALSE) -> 8.9517883 | G16: - | H16: - | I16: - | J16: - | K16: - | L16: - | M16: - | N16: - | O16: - | P16: - | Q16: -
A17: FM247 | B17: Vpre | C17: Pre-regulator | D17: Vsup1 Vsup2 SW_pre1 SW_pre2 Boots_pre Gates_LS Vpre DGND | E17: Analog Reference #1 Charge Pump Power Management state machine | F17: =VLOOKUP(Table26[Function], Table1[], 5, FALSE) -> 12.533196 | G17: Overvoltage | H17: No | I17: - | J17: =1/8 -> 0.125 | K17: =Table26[[#This Row],[λ]]*Table26[[#This Row],[Failure rate distribution]] -> 1.5666495 | L17: - | M17: =VLOOKUP(Table26[[#This Row],[Applicable Safety mechanism]],Table3[],2,FALSE) -> Not applicable | N17: =VLOOKUP(Table26[[#This Row],[Applicable Safety mechanism]], Table3[], 3,FALSE) -> - | O17: =VLOOKUP(Table26[[#This Row],[Applicable Safety mechanism]], Table3[], 6,FALSE) -> 0 | P17: =IF(Table26[[#This Row],[Failure mode that has the potential to violate the safety goal in absence of safety mechanism?]]="Yes", Table26[[#This Row],[Failure mode rate]]*(1-Table26[[#This Row],[Failure mode coverage wrt. violation of safety goals]]), 0) -> 0 | Q17: No | V17: =IF(Table26[[#This Row],[Failure mode that may lead to the violation of safety goals in combination with an independent failure of another block ?]]="Yes",(1-Table26[[#This Row],[Failure mode coverage with respect to latent failures]])*Table26[[#This Row],[Failure mode rate]], 0) -> 0 | X17: Yes | Y17: =IF(Table26[[#This Row],[SR]]="Yes",Table26[[#This Row],[λ]], 0) -> 12.533196
A18: FM248 | B18: Vpre | C18: Pre-regulator | F18: =VLOOKUP(Table26[Function], Table1[], 5, FALSE) -> 12.533196 | G18: Under voltage | H18: No | I18: - | J18: =1/8 -> 0.125 | K18: =Table26[[#This Row],[λ]]*Table26[[#This Row],[Failure rate distribution]] -> 1.5666495 | L18: - | M18: =VLOOKUP(Table26[[#This Row],[Applicable Safety mechanism]],Table3[],2,FALSE) -> Not applicable | N18: =VLOOKUP(Table26[[#This Row],[Applicable Safety mechanism]], Table3[], 3,FALSE) -> - | O18: =VLOOKUP(Table26[[#This Row],[Applicable Safety mechanism]], Table3[], 6,FALSE) -> 0 | P18: =IF(Table26[[#This Row],[Failure mode that has the potential to violate the safety goal in absence of safety mechanism?]]="Yes", Table26[[#This Row],[Failure mode rate]]*(1-Table26[[#This Row],[Failure mode coverage wrt. violation of safety goals]]), 0) -> 0 | Q18: No | V18: =IF(Table26[[#This Row],[Failure mode that may lead to the violation of safety goals in combination with an independent failure of another block ?]]="Yes",(1-Table26[[#This Row],[Failure mode coverage with respect to latent failures]])*Table26[[#This Row],[Failure mode rate]], 0) -> 0 | Y18: =IF(Table26[[#This Row],[SR]]="Yes",Table26[[#This Row],[λ]], 0) -> 0
A19: FM249 | B19: Vpre | C19: Pre-regulator | F19: =VLOOKUP(Table26[Function], Table1[], 5, FALSE) -> 12.533196 | G19: Drift | H19: No | I19: - | J19: =1/8 -> 0.125 | K19: =Table26[[#This Row],[λ]]*Table26[[#This Row],[Failure rate distribution]] -> 1.5666495 | L19: - | M19: =VLOOKUP(Table26[[#This Row],[Applicable Safety mechanism]],Table3[],2,FALSE) -> Not applicable | N19: =VLOOKUP(Table26[[#This Row],[Applicable Safety mechanism]], Table3[], 3,FALSE) -> - | O19: =VLOOKUP(Table26[[#This Row],[Applicable Safety mechanism]], Table3[], 6,FALSE) -> 0 | P19: =IF(Table26[[#This Row],[Failure mode that has the potential to violate the safety goal in absence of safety mechanism?]]="Yes", Table26[[#This Row],[Failure mode rate]]*(1-Table26[[#This Row],[Failure mode coverage wrt. violation of safety goals]]), 0) -> 0 | Q19: No | V19: =IF(Table26[[#This Row],[Failure mode that may lead to the violation of safety goals in combination with an independent failure of another block ?]]="Yes",(1-Table26[[#This Row],[Failure mode coverage with respect to latent failures]])*Table26[[#This Row],[Failure mode rate]], 0) -> 0 | Y19: =IF(Table26[[#This Row],[SR]]="Yes",Table26[[#This Row],[λ]], 0) -> 0
A20: FM250 | B20: Vpre | C20: Pre-regulator | F20: =VLOOKUP(Table26[Function], Table1[], 5, FALSE) -> 12.533196 | G20: Oscillation | H20: No | I20: - | J20: =1/8 -> 0.125 | K20: =Table26[[#This Row],[λ]]*Table26[[#This Row],[Failure rate distribution]] -> 1.5666495 | L20: - | M20: =VLOOKUP(Table26[[#This Row],[Applicable Safety mechanism]],Table3[],2,FALSE) -> Not applicable | N20: =VLOOKUP(Table26[[#This Row],[Applicable Safety mechanism]], Table3[], 3,FALSE) -> - | O20: =VLOOKUP(Table26[[#This Row],[Applicable Safety mechanism]], Table3[], 6,FALSE) -> 0 | P20: =IF(Table26[[#This Row],[Failure mode that has the potential to violate the safety goal in absence of safety mechanism?]]="Yes", Table26[[#This Row],[Failure mode rate]]*(1-Table26[[#This Row],[Failure mode coverage wrt. violation of safety goals]]), 0) -> 0 | Q20: No | V20: =IF(Table26[[#This Row],[Failure mode that may lead to the violation of safety goals in combination with an independent failure of another block ?]]="Yes",(1-Table26[[#This Row],[Failure mode coverage with respect to latent failures]])*Table26[[#This Row],[Failure mode rate]], 0) -> 0 | Y20: =IF(Table26[[#This Row],[SR]]="Yes",Table26[[#This Row],[λ]], 0) -> 0
A21: FM251 | B21: Vpre | C21: Pre-regulator | F21: =VLOOKUP(Table26[Function], Table1[], 5, FALSE) -> 12.533196 | G21: Spikes | H21: No | I21: - | J21: =1/8 -> 0.125 | K21: =Table26[[#This Row],[λ]]*Table26[[#This Row],[Failure rate distribution]] -> 1.5666495 | L21: - | M21: =VLOOKUP(Table26[[#This Row],[Applicable Safety mechanism]],Table3[],2,FALSE) -> Not applicable | N21: =VLOOKUP(Table26[[#This Row],[Applicable Safety mechanism]], Table3[], 3,FALSE) -> - | O21: =VLOOKUP(Table26[[#This Row],[Applicable Safety mechanism]], Table3[], 6,FALSE) -> 0 | P21: =IF(Table26[[#This Row],[Failure mode that has the potential to violate the safety goal in absence of safety mechanism?]]="Yes", Table26[[#This Row],[Failure mode rate]]*(1-Table26[[#This Row],[Failure mode coverage wrt. violation of safety goals]]), 0) -> 0 | Q21: No | V21: =IF(Table26[[#This Row],[Failure mode that may lead to the violation of safety goals in combination with an independent failure of another block ?]]="Yes",(1-Table26[[#This Row],[Failure mode coverage with respect to latent failures]])*Table26[[#This Row],[Failure mode rate]], 0) -> 0 | Y21: =IF(Table26[[#This Row],[SR]]="Yes",Table26[[#This Row],[λ]], 0) -> 0
A22: FM252 | B22: Vpre | C22: Pre-regulator | F22: =VLOOKUP(Table26[Function], Table1[], 5, FALSE) -> 12.533196 | G22: Vpre shorted to GND | H22: No | I22: - | J22: =1/8 -> 0.125 | K22: =Table26[[#This Row],[λ]]*Table26[[#This Row],[Failure rate distribution]] -> 1.5666495 | L22: - | M22: =VLOOKUP(Table26[[#This Row],[Applicable Safety mechanism]],Table3[],2,FALSE) -> Not applicable | N22: =VLOOKUP(Table26[[#This Row],[Applicable Safety mechanism]], Table3[], 3,FALSE) -> - | O22: =VLOOKUP(Table26[[#This Row],[Applicable Safety mechanism]], Table3[], 6,FALSE) -> 0 | P22: =IF(Table26[[#This Row],[Failure mode that has the potential to violate the safety goal in absence of safety mechanism?]]="Yes", Table26[[#This Row],[Failure mode rate]]*(1-Table26[[#This Row],[Failure mode coverage wrt. violation of safety goals]]), 0) -> 0 | Q22: No | V22: =IF(Table26[[#This Row],[Failure mode that may lead to the violation of safety goals in combination with an independent failure of another block ?]]="Yes",(1-Table26[[#This Row],[Failure mode coverage with respect to latent failures]])*Table26[[#This Row],[Failure mode rate]], 0) -> 0 | Y22: =IF(Table26[[#This Row],[SR]]="Yes",Table26[[#This Row],[λ]], 0) -> 0
A23: FM253 | B23: Vpre | C23: Pre-regulator | F23: =VLOOKUP(Table26[Function], Table1[], 5, FALSE) -> 12.533196 | G23: Vpre pin open | H23: No | I23: - | J23: =1/8 -> 0.125 | K23: =Table26[[#This Row],[λ]]*Table26[[#This Row],[Failure rate distribution]] -> 1.5666495 | L23: - | M23: =VLOOKUP(Table26[[#This Row],[Applicable Safety mechanism]],Table3[],2,FALSE) -> Not applicable | N23: =VLOOKUP(Table26[[#This Row],[Applicable Safety mechanism]], Table3[], 3,FALSE) -> - | O23: =VLOOKUP(Table26[[#This Row],[Applicable Safety mechanism]], Table3[], 6,FALSE) -> 0 | P23: =IF(Table26[[#This Row],[Failure mode that has the potential to violate the safety goal in absence of safety mechanism?]]="Yes", Table26[[#This Row],[Failure mode rate]]*(1-Table26[[#This Row],[Failure mode coverage wrt. violation of safety goals]]), 0) -> 0 | Q23: No | V23: =IF(Table26[[#This Row],[Failure mode that may lead to the violation of safety goals in combination with an independent failure of another block ?]]="Yes",(1-Table26[[#This Row],[Failure mode coverage with respect to latent failures]])*Table26[[#This Row],[Failure mode rate]], 0) -> 0 | Y23: =IF(Table26[[#This Row],[SR]]="Yes",Table26[[#This Row],[λ]], 0) -> 0
A24: FM254 | B24: Vpre | C24: Pre-regulator | F24: =VLOOKUP(Table26[Function], Table1[], 5, FALSE) -> 12.533196 | G24: Vpre shorted to adjacent pin "Vaux" | H24: No | I24: - | J24: =1/8 -> 0.125 | K24: =Table26[[#This Row],[λ]]*Table26[[#This Row],[Failure rate distribution]] -> 1.5666495 | L24: - | M24: =VLOOKUP(Table26[[#This Row],[Applicable Safety mechanism]],Table3[],2,FALSE) -> Not applicable | N24: =VLOOKUP(Table26[[#This Row],[Applicable Safety mechanism]], Table3[], 3,FALSE) -> - | O24: =VLOOKUP(Table26[[#This Row],[Applicable Safety mechanism]], Table3[], 6,FALSE) -> 0 | P24: =IF(Table26[[#This Row],[Failure mode that has the potential to violate the safety goal in absence of safety mechanism?]]="Yes", Table26[[#This Row],[Failure mode rate]]*(1-Table26[[#This Row],[Failure mode coverage wrt. violation of safety goals]]), 0) -> 0 | Q24: No | V24: =IF(Table26[[#This Row],[Failure mode that may lead to the violation of safety goals in combination with an independent failure of another block ?]]="Yes",(1-Table26[[#This Row],[Failure mode coverage with respect to latent failures]])*Table26[[#This Row],[Failure mode rate]], 0) -> 0 | Y24: =IF(Table26[[#This Row],[SR]]="Yes",Table26[[#This Row],[λ]], 0) -> 0
A25: FM255 | B25: Vpre | C25: Pre-regulator | D25: - | F25: =VLOOKUP(Table26[Function], Table1[], 5, FALSE) -> 12.533196 | G25: - | H25: - | I25: - | J25: - | K25: - | L25: - | M25: - | N25: - | O25: - | P25: - | Q25: -
A26: FM256 | B26: Vcca | C26: Linear regulator | D26: Vcca_E Vcca_B Vcca Vpre AGND | E26: Power Management State Machine Analog reference #1 | F26: =VLOOKUP(Table26[Function], Table1[], 5, FALSE) -> 2.3876049 | G26: Overvoltage | H26: No | I26: - | J26: =1/9 -> 0.11111111 | K26: =Table26[[#This Row],[λ]]*Table26[[#This Row],[Failure rate distribution]] -> 0.26528943 | L26: - | M26: =VLOOKUP(Table26[[#This Row],[Applicable Safety mechanism]],Table3[],2,FALSE) -> Not applicable | N26: =VLOOKUP(Table26[[#This Row],[Applicable Safety mechanism]], Table3[], 3,FALSE) -> - | O26: =VLOOKUP(Table26[[#This Row],[Applicable Safety mechanism]], Table3[], 6,FALSE) -> 0 | P26: =IF(Table26[[#This Row],[Failure mode that has the potential to violate the safety goal in absence of safety mechanism?]]="Yes", Table26[[#This Row],[Failure mode rate]]*(1-Table26[[#This Row],[Failure mode coverage wrt. violation of safety goals]]), 0) -> 0 | Q26: No | V26: =IF(Table26[[#This Row],[Failure mode that may lead to the violation of safety goals in combination with an independent failure of another block ?]]="Yes",(1-Table26[[#This Row],[Failure mode coverage with respect to latent failures]])*Table26[[#This Row],[Failure mode rate]], 0) -> 0 | X26: Yes | Y26: =IF(Table26[[#This Row],[SR]]="Yes",Table26[[#This Row],[λ]], 0) -> 2.3876049
A27: FM257 | B27: Vcca | C27: Linear regulator | F27: =VLOOKUP(Table26[Function], Table1[], 5, FALSE) -> 2.3876049 | G27: Under voltage | H27: No | I27: - | J27: =1/9 -> 0.11111111 | K27: =Table26[[#This Row],[λ]]*Table26[[#This Row],[Failure rate distribution]] -> 0.26528943 | L27: - | M27: =VLOOKUP(Table26[[#This Row],[Applicable Safety mechanism]],Table3[],2,FALSE) -> Not applicable | N27: =VLOOKUP(Table26[[#This Row],[Applicable Safety mechanism]], Table3[], 3,FALSE) -> - | O27: =VLOOKUP(Table26[[#This Row],[Applicable Safety mechanism]], Table3[], 6,FALSE) -> 0 | P27: =IF(Table26[[#This Row],[Failure mode that has the potential to violate the safety goal in absence of safety mechanism?]]="Yes", Table26[[#This Row],[Failure mode rate]]*(1-Table26[[#This Row],[Failure mode coverage wrt. violation of safety goals]]), 0) -> 0 | Q27: No | V27: =IF(Table26[[#This Row],[Failure mode that may lead to the violation of safety goals in combination with an independent failure of another block ?]]="Yes",(1-Table26[[#This Row],[Failure mode coverage with respect to latent failures]])*Table26[[#This Row],[Failure mode rate]], 0) -> 0 | Y27: =IF(Table26[[#This Row],[SR]]="Yes",Table26[[#This Row],[λ]], 0) -> 0
A28: FM258 | B28: Vcca | C28: Linear regulator | F28: =VLOOKUP(Table26[Function], Table1[], 5, FALSE) -> 2.3876049 | G28: Drift | H28: No | I28: - | J28: =1/9 -> 0.11111111 | K28: =Table26[[#This Row],[λ]]*Table26[[#This Row],[Failure rate distribution]] -> 0.26528943 | L28: - | M28: =VLOOKUP(Table26[[#This Row],[Applicable Safety mechanism]],Table3[],2,FALSE) -> Not applicable | N28: =VLOOKUP(Table26[[#This Row],[Applicable Safety mechanism]], Table3[], 3,FALSE) -> - | O28: =VLOOKUP(Table26[[#This Row],[Applicable Safety mechanism]], Table3[], 6,FALSE) -> 0 | P28: =IF(Table26[[#This Row],[Failure mode that has the potential to violate the safety goal in absence of safety mechanism?]]="Yes", Table26[[#This Row],[Failure mode rate]]*(1-Table26[[#This Row],[Failure mode coverage wrt. violation of safety goals]]), 0) -> 0 | Q28: No | V28: =IF(Table26[[#This Row],[Failure mode that may lead to the violation of safety goals in combination with an independent failure of another block ?]]="Yes",(1-Table26[[#This Row],[Failure mode coverage with respect to latent failures]])*Table26[[#This Row],[Failure mode rate]], 0) -> 0 | Y28: =IF(Table26[[#This Row],[SR]]="Yes",Table26[[#This Row],[λ]], 0) -> 0
A29: FM259 | B29: Vcca | C29: Linear regulator | F29: =VLOOKUP(Table26[Function], Table1[], 5, FALSE) -> 2.3876049 | G29: Oscillation | H29: No | I29: - | J29: =1/9 -> 0.11111111 | K29: =Table26[[#This Row],[λ]]*Table26[[#This Row],[Failure rate distribution]] -> 0.26528943 | L29: - | M29: =VLOOKUP(Table26[[#This Row],[Applicable Safety mechanism]],Table3[],2,FALSE) -> Not applicable | N29: =VLOOKUP(Table26[[#This Row],[Applicable Safety mechanism]], Table3[], 3,FALSE) -> - | O29: =VLOOKUP(Table26[[#This Row],[Applicable Safety mechanism]], Table3[], 6,FALSE) -> 0 | P29: =IF(Table26[[#This Row],[Failure mode that has the potential to violate the safety goal in absence of safety mechanism?]]="Yes", Table26[[#This Row],[Failure mode rate]]*(1-Table26[[#This Row],[Failure mode coverage wrt. violation of safety goals]]), 0) -> 0 | Q29: No | V29: =IF(Table26[[#This Row],[Failure mode that may lead to the violation of safety goals in combination with an independent failure of another block ?]]="Yes",(1-Table26[[#This Row],[Failure mode coverage with respect to latent failures]])*Table26[[#This Row],[Failure mode rate]], 0) -> 0 | Y29: =IF(Table26[[#This Row],[SR]]="Yes",Table26[[#This Row],[λ]], 0) -> 0
A30: FM260 | B30: Vcca | C30: Linear regulator | F30: =VLOOKUP(Table26[Function], Table1[], 5, FALSE) -> 2.3876049 | G30: Spikes | H30: No | I30: - | J30: =1/9 -> 0.11111111 | K30: =Table26[[#This Row],[λ]]*Table26[[#This Row],[Failure rate distribution]] -> 0.26528943 | L30: - | M30: =VLOOKUP(Table26[[#This Row],[Applicable Safety mechanism]],Table3[],2,FALSE) -> Not applicable | N30: =VLOOKUP(Table26[[#This Row],[Applicable Safety mechanism]], Table3[], 3,FALSE) -> - | O30: =VLOOKUP(Table26[[#This Row],[Applicable Safety mechanism]], Table3[], 6,FALSE) -> 0 | P30: =IF(Table26[[#This Row],[Failure mode that has the potential to violate the safety goal in absence of safety mechanism?]]="Yes", Table26[[#This Row],[Failure mode rate]]*(1-Table26[[#This Row],[Failure mode coverage wrt. violation of safety goals]]), 0) -> 0 | Q30: No | V30: =IF(Table26[[#This Row],[Failure mode that may lead to the violation of safety goals in combination with an independent failure of another block ?]]="Yes",(1-Table26[[#This Row],[Failure mode coverage with respect to latent failures]])*Table26[[#This Row],[Failure mode rate]], 0) -> 0 | Y30: =IF(Table26[[#This Row],[SR]]="Yes",Table26[[#This Row],[λ]], 0) -> 0
A31: FM261 | B31: Vcca | C31: Linear regulator | F31: =VLOOKUP(Table26[Function], Table1[], 5, FALSE) -> 2.3876049 | G31: Vcca shorted to GND | H31: No | I31: - | J31: =1/9 -> 0.11111111 | K31: =Table26[[#This Row],[λ]]*Table26[[#This Row],[Failure rate distribution]] -> 0.26528943 | L31: - | M31: =VLOOKUP(Table26[[#This Row],[Applicable Safety mechanism]],Table3[],2,FALSE) -> Not applicable | N31: =VLOOKUP(Table26[[#This Row],[Applicable Safety mechanism]], Table3[], 3,FALSE) -> - | O31: =VLOOKUP(Table26[[#This Row],[Applicable Safety mechanism]], Table3[], 6,FALSE) -> 0 | P31: =IF(Table26[[#This Row],[Failure mode that has the potential to violate the safety goal in absence of safety mechanism?]]="Yes", Table26[[#This Row],[Failure mode rate]]*(1-Table26[[#This Row],[Failure mode coverage wrt. violation of safety goals]]), 0) -> 0 | Q31: No | V31: =IF(Table26[[#This Row],[Failure mode that may lead to the violation of safety goals in combination with an independent failure of another block ?]]="Yes",(1-Table26[[#This Row],[Failure mode coverage with respect to latent failures]])*Table26[[#This Row],[Failure mode rate]], 0) -> 0 | Y31: =IF(Table26[[#This Row],[SR]]="Yes",Table26[[#This Row],[λ]], 0) -> 0
A32: FM262 | B32: Vcca | C32: Linear regulator | F32: =VLOOKUP(Table26[Function], Table1[], 5, FALSE) -> 2.3876049 | G32: Vcca pin open | H32: No | I32: - | J32: =1/9 -> 0.11111111 | K32: =Table26[[#This Row],[λ]]*Table26[[#This Row],[Failure rate distribution]] -> 0.26528943 | L32: - | M32: =VLOOKUP(Table26[[#This Row],[Applicable Safety mechanism]],Table3[],2,FALSE) -> Not applicable | N32: =VLOOKUP(Table26[[#This Row],[Applicable Safety mechanism]], Table3[], 3,FALSE) -> - | O32: =VLOOKUP(Table26[[#This Row],[Applicable Safety mechanism]], Table3[], 6,FALSE) -> 0 | P32: =IF(Table26[[#This Row],[Failure mode that has the potential to violate the safety goal in absence of safety mechanism?]]="Yes", Table26[[#This Row],[Failure mode rate]]*(1-Table26[[#This Row],[Failure mode coverage wrt. violation of safety goals]]), 0) -> 0 | Q32: No | V32: =IF(Table26[[#This Row],[Failure mode that may lead to the violation of safety goals in combination with an independent failure of another block ?]]="Yes",(1-Table26[[#This Row],[Failure mode coverage with respect to latent failures]])*Table26[[#This Row],[Failure mode rate]], 0) -> 0 | Y32: =IF(Table26[[#This Row],[SR]]="Yes",Table26[[#This Row],[λ]], 0) -> 0
A33: FM263 | B33: Vcca | C33: Linear regulator | F33: =VLOOKUP(Table26[Function], Table1[], 5, FALSE) -> 2.3876049 | G33: Vcca shorted to adjacent pin "Gate_LS" | H33: No | I33: - | J33: =1/9 -> 0.11111111 | K33: =Table26[[#This Row],[λ]]*Table26[[#This Row],[Failure rate distribution]] -> 0.26528943 | L33: - | M33: =VLOOKUP(Table26[[#This Row],[Applicable Safety mechanism]],Table3[],2,FALSE) -> Not applicable | N33: =VLOOKUP(Table26[[#This Row],[Applicable Safety mechanism]], Table3[], 3,FALSE) -> - | O33: =VLOOKUP(Table26[[#This Row],[Applicable Safety mechanism]], Table3[], 6,FALSE) -> 0 | P33: =IF(Table26[[#This Row],[Failure mode that has the potential to violate the safety goal in absence of safety mechanism?]]="Yes", Table26[[#This Row],[Failure mode rate]]*(1-Table26[[#This Row],[Failure mode coverage wrt. violation of safety goals]]), 0) -> 0 | Q33: No | V33: =IF(Table26[[#This Row],[Failure mode that may lead to the violation of safety goals in combination with an independent failure of another block ?]]="Yes",(1-Table26[[#This Row],[Failure mode coverage with respect to latent failures]])*Table26[[#This Row],[Failure mode rate]], 0) -> 0 | Y33: =IF(Table26[[#This Row],[SR]]="Yes",Table26[[#This Row],[λ]], 0) -> 0
A34: FM264 | B34: Vcca | C34: Linear regulator | F34: =VLOOKUP(Table26[Function], Table1[], 5, FALSE) -> 2.3876049 | G34: Vcca shorted to adjacent pin "Vcca_B" | H34: No | I34: - | J34: =1/9 -> 0.11111111 | K34: =Table26[[#This Row],[λ]]*Table26[[#This Row],[Failure rate distribution]] -> 0.26528943 | L34: - | M34: =VLOOKUP(Table26[[#This Row],[Applicable Safety mechanism]],Table3[],2,FALSE) -> Not applicable | N34: =VLOOKUP(Table26[[#This Row],[Applicable Safety mechanism]], Table3[], 3,FALSE) -> - | O34: =VLOOKUP(Table26[[#This Row],[Applicable Safety mechanism]], Table3[], 6,FALSE) -> 0 | P34: =IF(Table26[[#This Row],[Failure mode that has the potential to violate the safety goal in absence of safety mechanism?]]="Yes", Table26[[#This Row],[Failure mode rate]]*(1-Table26[[#This Row],[Failure mode coverage wrt. violation of safety goals]]), 0) -> 0 | Q34: No | V34: =IF(Table26[[#This Row],[Failure mode that may lead to the violation of safety goals in combination with an independent failure of another block ?]]="Yes",(1-Table26[[#This Row],[Failure mode coverage with respect to latent failures]])*Table26[[#This Row],[Failure mode rate]], 0) -> 0 | Y34: =IF(Table26[[#This Row],[SR]]="Yes",Table26[[#This Row],[λ]], 0) -> 0
A35: FM265 | B35: Vcca | C35: Linear regulator | D35: - | F35: =VLOOKUP(Table26[Function], Table1[], 5, FALSE) -> 2.3876049 | G35: - | H35: - | I35: - | J35: - | K35: - | L35: - | M35: - | N35: - | O35: - | P35: - | Q35: -
