Workbook

Sheet Revision History
A3: Cortex-M4 Structural Core Self Test Library
A4: Fault Coverage Estimation Report
A6: Date: 12-Oct-2016 | F6: Confidential Proprietary
A8: The document was prepared using best effort. The authors make no warranty of any kind and shall not be liable in any event for incidental or consequential damages in connection with the application of the document.
A11: History of change
A12: Document revision | B12: Date | C12: Created by | D12: Description
A13: 1.0-D01 | B13: 42115 | C13: Oleksandr Sakada | D13: Initial version.
A14: 1.0-D02 | B14: 42255 | C14: Oleksandr Sakada | D14: Reviewed intermediate version. Handed-over to Roman Chovanec and Martin Vlk.
A15: 1 | B15: 42411 | C15: Roman Chovanec | D15: Added core sub-modules relative sizes for the final final fault coverage computation.
A16: 1.1 | B16: 42655 | C16: Roman Chovanec | D16: Updated logo and copyright
A18: © 2016 Freescale Semiconductor, Inc., NXP Semiconductors. All rights reserved. Presence of a copyright notice is not an acknowledgement of publication.

Sheet DC, z4204n3 Block Diagram
A1: DC for relevant core modules according to the diagram below is estimated to be (%): | I1: =SUM('DC Estimation'!#REF!)*100 -> #REF!
K5: - modules considered as irrelevant for Structural Core Self Test library,
K6: they are not included into estimation of DC achieved by Structural Core Self Test library.

Sheet Cortex M4 Block Diagram
B42: In-scope of SCST except of FPU unit

Sheet DC Estimation
A1: Core module name / Core sub-module name | C1: Description of logic related to core sub-module | D1: Core sub-module relative size, % | E1: Fault Type | F1: Relative size of the part of the core sub-module relevant to the Fault Type, % (estimated) | G1: Description of logic related to the Fault Type | H1: Fault Type Coverage, % (Σ L*M) | I1: D * F (coverage specified here shall be Σ-ed for all listed sub-modules but separately for each Fault Type to calculate 100%-base for each Fault Type) | J1: D * F * H (coverage specified here shall be Σ-ed for all listed sub-modules but separately for each Fault Type to calculate final coverage achieved invididually for each Fault Type) | K1: Fault Model | L1: Fault model coverage, % (estimated) | M1: Portion of Fault Model in Fault Type, % | N1: Argument to estimated achieved fault coverage per Fault Model | O1: Description of the applied test patterns (to the whole core sub-module) | P1: Related core self test(s)
A2: cm4_dpu | B2: cm4_dpu_alu | C2: Logic implementing the following operations according to ALU control bus: - use carry - flag write control - ALU operation type (see below) - shift operation is of the form RRX - shifter input 2 valid/select - shifter input 1 valid/select - shifter control - inline shift carry control - adder input 2 valid - adder input 1 valid - invert ALU input 2 - invert ALU input 1 ALU operation type: - Bitwise AND - Bitwise OR - BitWise EOR - Shift (regular) - separate ctrl for immediate vs reg for timing - Shift (BFX) - use sign info to distinguish - Shift (BFI/BFC) - Shift (saturation) - use sign info to distinguish - MOV (MSR flag/GE write depending on size register) - MOV (MRS unpred) - MOV (MRS control) - MOV (MRS nvic_basepri_i) - MOV (MRS no nvic_pmask_i or nvic_fmask_i) - MOV (MRS nvic_pmask_i) - MOV (MRS nvic_fmask_i) - MOV (MRS nvic_pmask_i & nvic_fmask_i) - MOV (MRS none) - MOV (MRS PSR) - MOV (MRS control) - MOV (MRS both) - MOV (normal) - MOV (RBIT) - MOV (REV) - MOV (MOVT) - DIV - use sign info to distinguish - MUL (*MLAL) - use sign info to distinguish - MUL (*MULL) - use sign info to distinguish - MUL (MUL) - MUL (MLA) - MUL (MLS) - CLZ | D2: 0.17343957 | E2: SPF | F2: 1 | H2: =L2*M2+L27*M27+L31*M31+L43*M43 -> 0.96371225 | I2: =D2*F2 -> 0.17343957 | J2: =D2*F2*H2 -> 0.16714584 | K2: Stuck-at | L2: =lookup!B101 -> 0.99407947 | M2: 0.7 | N2: Logic of the ALU module is covered completely: - All bits in input and output operands are forced to '0' and '1'. - Every operation realized within ALU sub-module and listed in column C is explicitly executed and checked for multiple sets of operands. - 5x test patterns are taken for divider array based on "proxy-fault-simulation" method. - For shift operation: all possible number of shift count, shift of '0' and '1' bit from every source position to every target position. - All possible number of leading zero-value bits for "count leading zero" command is tested. In total, 100x test patterns are applied for detecting stuck-at faults within different areas of the ALU logic. It is estimated, a single test pattern achieves 5% of the overall ALU stuck-at fault coverage (according to the experience gained during fault-graded core self test development for other cores of comparable complexity). Probability of fault detection by multiple test patterns are calculated as for independent events (in contrast to mutually-exclusive). | O2: All bits in input and output operands are forced to '0' and '1'. Every operation realized within ALU sub-module and listed in column C is explicitly executed. Multiple data patterns are applied to every ALU sub-module. | P2: m4_scst_alu_test1 m4_scst_alu_test2 m4_scst_alu_test3 m4_scst_alu_test4 m4_scst_alu_test5 m4_scst_alu_test6 m4_scst_alu_test7
K27: Open | L27: =(1-POWER(0.5,6))*L2 -> 0.97854698 | M27: 0.2 | N27: Probability of detecting one "open" fault with a single test pattern is 0.5. In average, 6x test patters are applied across ALU sub-modules. Result of application of every pattern is explicitly checked.
K31: Stuck-open | L31: ='d.c. fault estimation'!O18*L2 -> 0.68342964 | M31: 0.05 | N31: It is estimated that 6x test patterns are applied to corresponding possible faulty location on avarage. Probability of causing at least one 0 -> 1 -> 0 transition is calculated on "d.c. fault estimation" sheet.
K43: Short | L43: =('d.c. fault estimation'!C7)*L2 -> 0.7595148 | M43: 0.05 | N43: It is estimated 300x test patterns are applied for detecting short-faults. Assumption: probability of constitution of "short"-fault according to scenario 1 (sheet d.c. fault estimation) is 50%, and probability of constitution of "short"-fault according to scenario 2 is remaining 50%.
B50: cm4_dpu_dec | C50: Thumb 16bit instruction decode unit Thumb 32bit instruction decode unit Branch decode unit | D50: 0.046242954 | E50: SPF | F50: 1 | G50: Logic decoding legal opcodes | H50: =L50*M50+L73*M73+L76*M76+L79*M79 -> 0.95232301 | I50: =D50*F50 -> 0.046242954 | J50: =D50*F50*H50 -> 0.044038229 | K50: Stuck-at | L50: =lookup!D356*'d.c. fault estimation'!C13+lookup!D356*'d.c. fault estimation'!C14*(1-POWER(1-'d.c. fault estimation'!C15,6)) -> 0.98623438 | M50: 0.7 | N50: Stuck-at fault in the decoder may lead either to: 1) an instruction is not decoded as valid and intended instruction, or 2) decoder signals decoding of multiple instructions (including the intended one) simultaneously resulting in multiple execution units to produce a result that is to be stored to target registers creating a race-condition, or different results to multiple registers. In both cases, coverage estimated proportionally to the number of tested instructions. In 2nd case, number of testing of each instruction in avarage is taken into account in addition. It is estimated, case 1 occures in 50% of all possible faulty cases, and case 2 - in the remaining 50%. It is estimated, probability of detecting a race-condition in 2nd case with a one-time executed instruction is 50%. Decoder logic supports decoding of 357 instructions and instruction related data. It is estimated, a single test pattern (a single executed instruction, result of which is explicitly verified) achieves 0.28% (1 / 357) of the overall decoder stuck-at fault coverage. It is estimated, 99% of all valid instructions are executed in total. It is estimated, every instruction is executed 6x times in avarage. Probability of fault detection by multiple test patterns are calculated as for mutually-exclusive events (in contrast to independent). | O50: All executed instructions across all core tests, result of which is explicitly tested. Only very limited number of illegal opcodes are tested, mainly within testing illegal opcode exception and not the logic decoding illegal opcodes themselves. | P50: m4_scst_loadstore_test1 m4_scst_loadstore_test2 m4_scst_loadstore_test3 m4_scst_loadstore_test4 m4_scst_loadstore_test5 m4_scst_loadstore_test6 m4_scst_mac_test1 m4_scst_mac_test2 m4_scst_alu_test1 m4_scst_alu_test2 m4_scst_alu_test3 m4_scst_alu_test4 m4_scst_alu_test5 m4_scst_alu_test6 m4_scst_alu_test7 m4_scst_simdsat_test1 m4_scst_simdsat_test2 m4_scst_simdsat_test3 m4_scst_simdsat_test4 m4_scst_branch_test1 m4_scst_branch_test2 m4_scst_branch_test3 m4_scst_status_test1 m4_scst_status_test2 m4_scst_status_test3
K73: Open | L73: =('d.c. fault estimation'!E16+'d.c. fault estimation'!F23)*(lookup!D356*'d.c. fault estimation'!C13+lookup!D356*'d.c. fault estimation'!C14) -> 0.89239238 | M73: 0.2 | N73: Probability of detecting one "open" fault with a single test pattern is 0.5. It is estimated that every instruction is executed 6x times on avarage.
K76: Stuck-open | L76: =('d.c. fault estimation'!O18)*(lookup!D356*'d.c. fault estimation'!C13+lookup!D356*'d.c. fault estimation'!C14) -> 0.683375 | M76: 0.05 | N76: It is assumed, every location of stuck-open fault is set in accordance to application of 6x test patterns (it is estimated , every instruction is executed 6x times).
K79: Short | L79: =L50 -> 0.98623438 | M79: 0.05 | N79: Logic of the decoder is completely initialized by a single opcode of a decoded instruction meaning that not only the group of gates recognizing the given instruction as valid are initialized, but also all other groups of gates are initialized as well. The related to the decoded instruction dangerous short faults can be claimed as detected in the same manner as stuck-at faults. This claim is possible mainly due to a gate structure of the decoder logic allowing claiming detected by each instruction faults as mutually exclusive sets.
B97: cm4_dpu_e.cm4_dpu_e_dec | C97: E extension decode unit (SIMD & MAC) | D97: 0.008962616 | E97: SPF | F97: 1 | G97: Logic decoding legal E-extention opcodes | H97: =L97*M97+L119*M119+L122*M122+L125*M125 -> 0.9581296 | I97: =D97*F97 -> 0.008962616 | J97: =D97*F97*H97 -> 0.0085873478 | K97: Stuck-at | L97: =lookup!F98*'d.c. fault estimation'!C38+lookup!F98*'d.c. fault estimation'!C39*(1-POWER(1-'d.c. fault estimation'!C40,6)) -> 0.99129453 | M97: 0.7 | N97: Stuck-at fault in the decoder may lead either to: 1) an instruction is not decoded as valid and intended instruction, or 2) decoder signals decoding of multiple instructions (including the intended one) simultaneously resulting in multiple execution units to produce a result that is to be stored to target registers creating a race-condition. In both cases, coverage estimated proportionally to the number of tested instructions. In 2nd case, number of testing of each instruction in avarage is taken into account in addition. It is estimated, case 1 occures in 50% of all possible faulty cases, and case 2 - in the remaining 50%. It is estimated, probability of detecting a race-condition in 2nd case with a one-time executed instruction is 50%. Decoder logic supports decoding of 97 instructions and instruction related data. It is estimated, a single test pattern (a single executed instruction, result of which is explicitly verified) achieves 1.03% (1 / 97) of the overall decoder stuck-at fault coverage. It is estimated, 100% (97) of all valid instructions are executed in total. It is estimated, every instruction is executed 6x times in avarage. Probability of fault detection by multiple test patterns are calculated as for mutually-exclusive events (in contrast to independent). | O97: All executed E extention instructions, result of which is explicitly tested. | P97: m4_scst_simdsat_test1 m4_scst_simdsat_test2 m4_scst_simdsat_test3 m4_scst_simdsat_test4
K119: Open | L119: =('d.c. fault estimation'!E41+'d.c. fault estimation'!F48)*(lookup!F98*'d.c. fault estimation'!C38+lookup!F98*'d.c. fault estimation'!C39) -> 0.90157322 | M119: 0.2 | N119: Probability of detecting one "open" fault with a single test pattern is 0.5. It is estimated that every instruction is executed 6x times on avarage.
K122: Stuck-open | L122: =('d.c. fault estimation'!O43)*(lookup!F98*'d.c. fault estimation'!C38+lookup!F98*'d.c. fault estimation'!C39) -> 0.68688125 | M122: 0.05 | N122: It is assumed, every location of stuck-open fault is set in accordance to application of 6x test patterns (it is estimated , every instruction is executed 4x times).
K125: Short | L125: =L97 -> 0.99129453 | M125: 0.05 | N125: Logic of the decoder is completely initialized by a single opcode of a decoded instruction meaning that not only the group of gates recognizing the given instruction as valid are initialized, but also all other groups of gates are initialized as well. The related to the decoded instruction dangerous short faults can be claimed as detected in the same manner as stuck-at faults. This claim is possible mainly due to a gate structure of the decoder logic allowing claiming a detected by each instruction set of faults as mutually exclusive sets.
B133: cm4_dpu_e.cm4_dpu_e_ctl | C133: Control logic for E extensions (SIMD & MAC) | D133: 0.0043207062 | E133: SPF | F133: 1 | H133: =L133*M133+L138*M138+L143*M143+L147*M147 -> 0.90090611 | I133: =D133*F133 -> 0.0043207062 | J133: =D133*F133*H133 -> 0.0038925507 | K133: Stuck-at | L133: =MIN(L97,L152,L177) -> 0.93 | M133: 0.7 | N133: Coverage for this module is estimated concervatively: a minimal achived coverage of two modules - E extention decode unit (cm4_dpu_e.cm4_dpu_e_dec) and E extention execution unit (cm4_dpu_e.cm4_dpu_e_mac and cm4_dpu_e.cm4_dpu_e_simdsat) - is taken for the current one. | O133: All executed E extention instructions with multiple sets of operands, result of which is explicitly tested. See argument description for cm4_dpu_e.cm4_dpu_e_dec, cm4_dpu_e.cm4_dpu_e_mac, and cm4_dpu_e.cm4_dpu_e_simdsat modules. | P133: m4_scst_simdsat_test1 m4_scst_simdsat_test2 m4_scst_simdsat_test3 m4_scst_simdsat_test4
K138: Open | L138: =(1-POWER(0.5,6))*L133 -> 0.91546875 | M138: 0.2 | N138: Probability of detecting one "open" fault with a single test pattern is 0.5. It is estimated that 6x test patterns are applied to corresponding possible faulty location on avarage.
K143: Stuck-open | L143: ='d.c. fault estimation'!O43*L133 -> 0.639375 | M143: 0.05 | N143: It is estimated that 6x test patterns are applied to corresponding possible faulty location on avarage. Probability of causing at least one 0 -> 1 -> 0 transition is calculated on "d.c. fault estimation" sheet.
K147: Short | L147: =lookup!G98*L133 -> 0.69687225 | M147: 0.05 | N147: It is estimated, 100% (97) of all valid instructions are executed in total. Assumption: probability of constitution of "short"-fault according to scenario 1 (sheet "short"-fault estimation) is 50%, and probability of constitution of "short"-fault according to scenario 2 (sheet "short"-fault estimation) is 50%.
B152: cm4_dpu_e.cm4_dpu_e_mac | C152: Multiply and accumulate module | D152: 0.22809599 | E152: SPF | F152: 1 | H152: =L152*M152+L161*M161+L164*M164+L170*M170 -> 0.93 | I152: =D152*F152 -> 0.22809599 | J152: =D152*F152*H152 -> 0.21212927 | K152: Stuck-at | L152: 0.93 | M152: 0.7 | N152: 1. Input arguments and the generated result deterministically defined for detecting most of the possible stuck-at faults on input and output ports. 2. 35x test patterns applied for 32x32->64bit multiplier array. The coverage estimated by means of "proxy-fault-simulation" method for the worst-case assumption on multiplier array implementation in regards to testability. | O152: 1. UMLAL/SMLAL instruction takes input from 4 read ports and writes result to 2 write ports.It uses all the available data input and data output ports of the E_MAC module. 2. "Proxy-fault-simulation" method for stuck-at faults coverage estimation within multiplier array. 3. Different types of MAC commands: use 32 bits into 32x32 multiplier for rd_a use higher 16 bits into 32x32 multiplier for rd_a use 32 bits into 32x32 multiplier for rd_b use lower 16 bits into 32x32 multiplier for rd_b use higher 16 bits into 32x32 multiplier for rd_b use lower 16 bits into 16x16 multiplier for rd_ a use higher 16 bits into 16x16 multiplier for rd_a use lower 16 bits into 16x16 multiplier for rd_b use higher 16 bits into 16x16 multiplier for rd_b Negate 32 bit multiply multiply result rd_x into lower word of accumulator rd_y into lower word of accumulator rd_y into higher word of accumulator Sign extend rd_x in lower accumulator word Fix32 into higher word of accumulator Rounding 16 bit rotation on accumulator for 32x16 shifts 16 bit rotation on result for 32x16 shifts USAD | P152: m4_scst_regbank_test1 m4_scst_regbank_test2 m4_scst_regbank_test3 m4_scst_mac_test1 m4_scst_mac_test2
K161: Open | L161: 0.93 | M161: 0.2 | N161: Amount of applied test patterns (35x) and probability of detecting a fault by a single test pattern (0.5) is sufficient enough for claiming the same coverage as for stuck-at faults.
K164: Stuck-open | L164: 0.93 | M164: 0.05 | N164: 1. Multiple sets of Input arguments and the generated result deterministically defined for detecting short faults on input and output ports. 2. 35x test patterns applied for 32x32->64bit multiplier array. The coverage estimated by means of "proxy-fault-simulation" method for the worst-case assumption on multiplier array implementation in regards to testability and several possible scenarious on short-fault combinations.
K170: Short | L170: 0.93 | M170: 0.05 | N170: 1. Multiple sets of Input arguments and the generated result deterministically defined for detecting short faults on input and output ports. 2. 35x test patterns applied for 32x32->64bit multiplier array. The coverage estimated by means of "proxy-fault-simulation" method for the worst-case assumption on multiplier array implementation in regards to testability and several possible scenarious on short-fault combinations.
B177: cm4_dpu_e.cm4_dpu_e_simdsat | C177: Logic which provides the SIMD addition and saturation | D177: 0.036648292 | E177: SPF | F177: 1 | H177: =L177*M177+L190*M190+L194*M194+L206*M206 -> 0.96371225 | I177: =D177*F177 -> 0.036648292 | J177: =D177*F177*H177 -> 0.035318408 | K177: Stuck-at | L177: =lookup!B101 -> 0.99407947 | M177: 0.7 | N177: Logic of the simdsat module is covered completely: - All bits in input and output operands are forced to '0' and '1'. - Every operation realized within this sub-module and listed in column D on INSTR_SET sheet is explicitly executed and checked for multiple sets of operands. In total, 100x test patterns are applied for detecting stuck-at faults within different areas of the simdsat logic. It is estimated, a single test pattern achieves 5% of the overall simdsat stuck-at fault coverage (according to the experience gained during fault-graded core self test development for other cores of comparable complexity). Probability of fault detection by multiple test patterns are calculated as for independent events (in contrast to mutually-exclusive). | O177: All bits in input and output operands are forced to '0' and '1'. Every operation realized within simdsat sub-module and listed in column D on INSTR_SET sheet is explicitly executed. Multiple data patterns are used with every simdsat operation. Application of every possible mask value used for SSAT16 and USAT16 commands is explicitly checked. Explicit toggling of wires listed in column E on INSTR_SET sheet and checking the impact is explicitly performed by executing the corresponding simdsat instruction. | P177: m4_scst_simdsat_test1 m4_scst_simdsat_test2 m4_scst_simdsat_test3 m4_scst_simdsat_test4
K190: Open | L190: =(1-POWER(0.5,6))*L177 -> 0.97854698 | M190: 0.2 | N190: Probability of detecting one "open" fault with a single test pattern is 0.5. In average, 6x test patterns are applied across cm4_dpu_e_simdsat sub-modules. Result of application of every pattern is explicitly checked.
K194: Stuck-open | L194: ='d.c. fault estimation'!O18*L177 -> 0.68342964 | M194: 0.05 | N194: It is estimated that 6x test patterns are applied to corresponding possible faulty location on avarage. Probability of causing at least one 0 -> 1 -> 0 transition is calculated on "d.c. fault estimation" sheet.
K206: Short | L206: ='d.c. fault estimation'!C7*L177 -> 0.7595148 | M206: 0.05 | N206: It is estimated 300x test patterns are applied for detecting short-faults. Assumption: probability of constitution of "short"-fault according to scenario 1 (sheet "short"-fault estimation) is 50%, and probability of constitution of "short"-fault according to scenario 2 (sheet "short"-fault estimation) is 50%.
B211: cm4_dpu_etmintf | C211: ETM interface | E211: Safety-irrelevant | K211: Stuck-at | L211: n/a | M211: 0.7
K213: Open | L213: n/a | M213: 0.2
K216: Stuck-open | L216: n/a | M216: 0.05
K218: Short | L218: n/a | M218: 0.05
B221: cm4_dpu_exec | C221: Shared execute control and status. Selects between and controls the various blocks results. | D221: 0.026266164 | F221: 1 | H221: =L221*M221+L226*M226+L234*M234+L240*M240 -> 0.64114575 | I221: =D221*F221 -> 0.026266164 | J221: =D221*F221*H221 -> 0.016840439 | K221: Stuck-at | L221: =2/3*exec_estimation!B177+1/3*NVIC_DPU!B50 -> 0.67002899 | M221: 0.7 | N221: Coverage of stuck-at faults is estimated for 1/3 of the logic size based on analysis of the wires coverage, listed on sheet "NVIC_DPU", remaining 2/3 is estimated based on coverage estimation done for "decode" and E-extension decode modules. Detected sets of faults (corresponding to each of the analysed wire) by multiple test patterns are calculated as for mutually exclusive sets (in contrast to independent). | O221: 1) Based on the analysis of the Exec module logic, as well as NVIC_DPU interface signals, it is estimated 30% of the Exec logic relates to processing of interrupts and exceptions. This 1 / 3 of the logic coverage can be estimated based on detection status of the ports listed on NVIC_PDU sheet. 2) Coverage of remaining 2 / 3 of the Exec module can be done based on the coverage estimated for "decode" and E-extension decode modules, also taking into consideration wires listed on sheet "exec_estimation". | P221: Covered mainly by the exception tests.
K226: Open | L226: =(1-POWER(0.5,6))*L221 -> 0.65955978 | M226: 0.2 | N226: Probability of detecting one "open" fault with a single test pattern is 0.5. We estimated that 6 test patterns in avarage are applied to each of the wire which is claimed as tested within stuck-at fault coverage estimation for the 1 / 3 of the part related to exception logic, and for the remaining 2/3 of the logic (in this case coverage is estimates based on the coverage for for "decode" and E-extension decode modules). And then multiply by the relative size of the area challenged by the test patterns targeting stuck-at faults.
K234: Stuck-open | L234: ='d.c. fault estimation'!O18*L221 -> 0.46064493 | M234: 0.05 | N234: We assume that at least 6x test patterns are applied, then estimation can be done probabilistically as shown in cells H12:M28 on "d.c. fault estimation sheet. And then multiply by the relative size of the area challenged by the test patterns targeting stuck-at faults.
K240: Short | L240: =(1/3*lookup!L11+2/3*(0.5*lookup!J101+0.5*lookup!K101))*L221 -> 0.34362511 | M240: 0.05 | N240: Short fault coverage within part 1) can be estimated proportionally to the number of tested wires (as for mutually exclusive sets of faults). Short fault coverage for part 2) is done as for independed sets of faults detected by multiple test patterns. It is estimated a probability of constitution of "short"-fault according to scenario 1 (sheet d.c. fault estimation) is 50%, and probability of constitution of "short"-fault according to scenario 2 is remaining 50%. Coverage is dettermined based on the estimated number of applied test patterns and corresponding values are taken from columns J and K on "lookup" sheet.
B250: cm4_dpu_fetch | C250: Fetch unit with 3 entry prefetcher and branch forwarding behaviour. Vector table load in parallel to the ISR stacking - Fetch unit AHB interface & fetch buffer - Fetch unit state machine & RF control | D250: 0.078943551 | F250: 1 | H250: =L250*M250+L253*M253+L261*M261+L267*M267 -> 0.66830591 | I250: =D250*F250 -> 0.078943551 | J250: =D250*F250*H250 -> 0.052758442 | K250: Stuck-at | L250: =2/3*fetch_estimation!B30+1/3*NVIC_DPU!B49 -> 0.6984127 | M250: 0.7 | N250: Coverage of stuck-at faults is estimated for 1/3 of the logic size based on analysis of the wires coverage, listed on sheet "NVIC_DPU", remaining 2/3 is estimated based on coverage estimation done for "fetch" module. | O250: 1) Based on the analysis of the Fetch module logic, as well as NVIC_DPU interface signals, it is estimated 30% of the Fetch logic relates to processing of interrupts and exceptions. This 1 / 3 of the logic coverage can be estimated based on detection status of the ports listed on NVIC_PDU sheet. 2) Coverage of remaining 2 / 3 of the Fetch module can be done based on the coverage estimated for "decode" and E-extension decode modules also taking into consideration wires listed on sheet "fetch_estimation". | P250: m4_scst_branch_test1 m4_scst_branch_test2 m4_scst_branch_test3 m4_scst_fetch_test
K253: Open | L253: =(1-POWER(0.5,6))*L250 -> 0.6875 | M253: 0.2 | N253: Probability of detecting one "open" fault with a single test pattern is 0.5. We estimated that 6 test patterns in avarage are applied to each of the wire which is claimed as tested within stuck-at fault coverage estimation for the 1 / 3 of the part related to exception logic, and for the remaining 2/3 of the logic (in this case coverage is estimates based on the coverage for for "decode" and E-extension decode modules). And then multiply by the relative size of the area challenged by the test patterns targeting stuck-at faults.
K261: Stuck-open | L261: ='d.c. fault estimation'!O18*L250 -> 0.48015873 | M261: 0.05 | N261: Similarly to "open" faults, estimation should be done for the probability of causing a 0 -1 - 0 transition for each of the wire separately for each of the part. If at least 6x test patterns are applied, then estimation can be done probabilistically as shown in cells H12:M28 on "d.c. fault estimation sheet. And then multiply by the relative size of the area challenged by the test patterns targeting stuck-at faults.
K267: Short | L267: =(1/3*lookup!L11+2/3*(0.5*lookup!J101+0.5*lookup!K101))*L250 -> 0.35818173 | M267: 0.05 | N267: Short fault coverage within part 1) can be estimated proportionally to the number of tested wires (as for mutually exclusive sets of faults). Short fault coverage for part 2) is done as for independed sets of faults detected by multiple test patterns. It is estimated a probability of constitution of "short"-fault according to scenario 1 (sheet d.c. fault estimation) is 50%, and probability of constitution of "short"-fault according to scenario 2 is remaining 50%. Coverage is dettermined based on the estimated number of applied test patterns and corresponding values are taken from columns J and K on "lookup" sheet.
B277: cm4_dpu_lsu | C277: Load / store unit - LSU AHB interface and associated control - Main LSU control | D277: 0.21281291 | F277: 1 | H277: =L277*M277+L282*M282+L287*M287+L293*M293 -> 0.87991708 | I277: =D277*F277 -> 0.21281291 | J277: =D277*F277*H277 -> 0.18725772 | K277: Stuck-at | L277: =2/3*lsu_estimation!B96+1/3*NVIC_DPU!B48 -> 0.88267544 | M277: 0.7 | N277: Coverage of stuck-at faults is estimated for 1/3 of the logic size based on analysis of the wires coverage, listed on sheet "NVIC_DPU", remaining 2/3 is estimated based on coverage estimation done for "LSU" module. | O277: 1) Based on the analysis of the LSU module logic, as well as NVIC_DPU interface signals, it is estimated 1/3 of the LSU logic relates to processing of interrupts and exceptions. This 1 / 3 of the logic coverage can be estimated based on detection status of the ports listed on NVIC_PDU sheet. 2) Coverage of remaining 2 / 3 of the LSU module logic can be based on estimation of the wires coverage, listed on the "lsu_estimation" sheet. This includes load / store of different data patterns of different size to at least 2x different target locations using all implemented load / store instructions, including conditional execution of instructions. | P277: m4_scst_loadstore_test1 m4_scst_loadstore_test2 m4_scst_loadstore_test3 m4_scst_loadstore_test4 m4_scst_loadstore_test5 m4_scst_loadstore_test6
K282: Open | L282: =(1-POWER(0.5,6))*L277 -> 0.86888363 | M282: 0.2 | N282: Probability of detecting one "open" fault with a single test pattern is 0.5. We estimated that 6 test patterns in avarage are applied to each of the wire which is claimed as tested within stuck-at fault coverage estimation. And then multiply by the relative size of the area challenged by the test patterns targeting stuck-at faults.
K287: Stuck-open | L287: =L277 -> 0.88267544 | M287: 0.05 | N287: Propbability of Stuck-Open fault detection is very high because at least 9 tests vectors with inverted values were applied. We can claim the same coverage as for stuck-at faults.
K293: Short | L293: =L277 -> 0.88267544 | M293: 0.05 | N293: As detected sets of faults (corresponding to each of the analysed wire) by multiple test patterns are calculated as for mutually exclusive sets (in contrast to independent), the all related to each test pattern dengerous short faults can be estimated as detected, so the same coverage can be claimed as for stuck-at faults, multiplied by the relative size of the area challenged by the test patterns targeting stuck-at faults.
B299: cm4_dpu_regbank (excluding cm4_dpu_regbank.cm4_dpu_regfile) | C299: Register bank for Cortex-M4. Register read ports, register write ports. Forwarding logic for read ports A and B. | D299: 0.048802221 | E299: SPF | F299: 1 | H299: =SUM(L299*M299,L303*M303,L306*M306,L308*M308) -> 0.94909375 | I299: =D299*F299 -> 0.048802221 | J299: =D299*F299*H299 -> 0.046317883 | K299: Stuck-at | L299: =0.99 -> 0.99 | M299: 0.7 | N299: Input arguments and the generated result deterministically defined for detecting most of the possible stuck-at faults on write ports D and Z, and read ports A, B, X, and Y. Logic corersponding to every forwarding condition is covered by dedicated test pattern. | O299: 1. Port A forwarding: - A port read is for the PC - A port read is for PC which is transitioning into execute and is not currently being written to - A port read is for PC which is transitioning into execute and is currently being written to - A port read is for PC which is not transitioning into execute - A port read is for forwarded write port 1 - A port read is for forwarded write port 2 2. Port B forwarding: - B port read is for the PC - B port read is for PC which is transitioning into execute and is not currently being written to - B port read is for PC which is transitioning into execute and is currently being written to - B port read is for PC which is not transitioning into execute - B port read is for forwarded write port 1 - B port read is for forwarded write port 2 3. Load/store instruction is used to propagate into the cm4_dpu_lsu module two addresses to be added from: - read port A (de stage) - read port B (de stage) of the regbank module. | P299: m4_scst_regbank_test4 m4_scst_regbank_test5
K303: Open | L303: =(1-POWER(0.5,6))*L299 -> 0.97453125 | M303: 0.2 | N303: Probability of detecting one "open" fault with a single test pattern is 0.5. In avarage, 6x test patters are applied to every register and port. Result of application of every pattern is explicitly checked.
K306: Stuck-open | L306: ='d.c. fault estimation'!O18 -> 0.6875 | M306: 0.05 | N306: It is estimated. the applied patterns cause 0-1-0 signal value transition within the 50% portion of logic for which corresponding stuck-at faults are estimated to be detected.
K308: Short | L308: =0.5*L299+0.5*lookup!I109*L299 -> 0.53625 | M308: 0.05 | N308: It is assumed, probability of constitution of "short"-fault according to scenario 1 (sheet d.c. fault estimation) is 50%, and probability of constitution of "short"-fault according to scenario 2 is remaining 50%. It is estimated, 1x test pattern can challange 1 / 36 of the sub-module area. Challenged areas by multiple test patterns can be summup-ed as for mutually-exclusive sets (in contrast to independent). Despite the fact that the biggest portion of teh sub-module is tested (acording to stuck-at fault coverage estimation), on average only one set of value combinations is used for detection of short-faults. Scenario 2 of short fault constitution assumes detection of a short fault be assumed only in the case when the same test pattern / set of value combinations detectc two stuck-at faults at the same time.
B309: cm4_dpu_regbank.cm4_dpu_regfile | C309: cm4_dpu_regfile consists of two parts: 1) Register file for Cortex-M4. 4 read ports, 2 write ports,16x32-bit registers and a dedicated PC register, and 2) 2x write port register multiplexers and 4x read port register multiplexers. It is estimated, these two parts are of equal size. | D309: 0.12081399 | E309: SPF | F309: 1 | H309: =SUM(L309*M309,L313*M313,L318*M318,L320*M320) -> 0.93793012 | I309: =D309*F309 -> 0.12081399 | J309: =D309*F309*H309 -> 0.11331508 | K309: Stuck-at | L309: =0.99 -> 0.99 | M309: 0.7 | N309: Logic related to part 1) ( (see logic description in column C)): input arguments and the generated result deterministically defined for detecting most of the possible stuck-at faults on write ports D and Z, and read ports A, B, X, and Y, as well as within registers themselves. Scaling factor is applied to take into account only 99% of explicitly tested registers (all registers are read / written explicitely, PC and LR are tested by means of branch commands to two different areas of address space). Logic related to part 2): test patterns for detecting stuck-at faults in register multiplexors are defined and applied according the same approach as used within "proxy-fault-simulation" method for multiplexors, showing high coverage. Scaling factor is applied to take into account only 99% of explicitly tested registers. | O309: UMLAL/SMLAL instruction takes input from 4 read ports and writes result to 2 write ports. It is assured that the operands are propagated to the MAC module from the regbank output ports and not from the forwarding logic by executing e.g. ISB instruction before every MAC command (non-forwarded read). Besides this, the following conditions created for testing: - every register is used as input register on read port A (ex stage) - every register is used as input register on read port B (ex stage) - every register is used as input register on read port X (ex stage) - every register is used as input register on read port Y (ex stage) - every register is used as output register on write port D - every register is used as output register on write port Z PC and LR are tested by means of branch commands to two different areas of address space. | P309: m4_scst_regbank_test1 m4_scst_regbank_test2 m4_scst_regbank_test3
K313: Open | L313: =(1-POWER(0.5,4))*L309 -> 0.928125 | M313: 0.2 | N313: Probability of detecting one "open" fault with a single test pattern is 0.5. In avarage, four test patters (2x within stuck-at fault detection + 2x addiitonal specifically intended for short-fault detection) are applied to every register and port. Result of application of every pattern is explicitly checked.
K318: Stuck-open | L318: ='d.c. fault estimation'!O18*L309 -> 0.680625 | M318: 0.05 | N318: Similarly to "open" faults, estimation should be done for the probability of causing a 0 -1 - 0 transition for each of the wire. If at least 3x test patterns are applied, then estimation can be done probabilistically as shown in cells H12:M28 on "d.c. fault estimation sheet. And then multiply by the relative size of the area challenged by the test patterns targeting stuck-at faults.
K320: Short | L320: =((0.5*lookup!H33+0.5*lookup!I97)*0.5*0.99+0.55*0.5*0.99)*L309 -> 0.5054775 | M320: 0.05 | N320: Logic related part 1) (see logic description in column C) is challenged by 3x different test patterns in average, targeting detection of short-faults. It is estimated, 99% registers are explicitly tested. It is assumed, in part 1) probability of constitution of "short"-fault according to scenario 1 (sheet d.c. fault estimation) is 50%, and probability of constitution of "short"-fault according to scenario 2 is remaining 50%. Test patterns for detecting stuck-at faults in register multiplexors (short-fault coverage is estimated based on stuck-at fault detection status according to the multiple scenarious of short-fault constitution) are defined and applied according the same approach as used within "proxy-fault-simulation" method for multiplexors, showing 55% coverage in case all registers tested. Scaling factor is applied to take into account only 99% of explicitly tested registers. Probability of fault detection by multiple test patterns are calculated as for mutually-exclusive events (in contrast to independent).
B321: cm4_dpu_status | C321: Status module: includes PSR, IT register & condition code status | D321: 0.014651028 | F321: 1 | H321: =L321*M321+L326*M326+L331*M331+L337*M337 -> 0.86575993 | J321: =D321*F321*H321 -> 0.012684273 | K321: Stuck-at | L321: =2/3*status_estimation!B87+1/3*NVIC_DPU!B51 -> 0.9047619 | M321: 0.7 | N321: Coverage of stuck-at faults is estimated for 1/3 of the logic size based on analysis of the wires coverage, listed on sheet "NVIC_DPU", remaining 2/3 is estimated based on coverage estimation done for "status" module. Detected sets of faults (corresponding to each of the analysed wire) by multiple test patterns are calculated as for mutually exclusive sets (in contrast to independent). | O321: Coverage of the "status" module can be done based on the coverage estimated of the wires listed on sheet "status_estimation" according to the overall number of applied test patters within the included core tests. | P321: m4_scst_status_test1 m4_scst_status_test2 m4_scst_status_test3
K326: Open | L326: =(1-POWER(0.5,6))*L321 -> 0.890625 | M326: 0.2 | N326: Probability of detecting one "open" fault with a single test pattern is 0.5. We estimated that 6 test patterns in avarage are applied to each of the wire which is claimed as tested within stuck-at fault coverage estimation. And then multiply by the relative size of the area challenged by the test patterns targeting stuck-at faults.
K331: Stuck-open | L331: ='d.c. fault estimation'!O18*L321 -> 0.62202381 | M331: 0.05 | N331: Similarly to "open" faults, estimation should be done for the probability of causing a 0 -1 - 0 transition for each of the wire. If at least 3x test patterns are applied, then estimation can be done probabilistically as shown in cells H12:M28 on "d.c. fault estimation sheet. And then multiply by the relative size of the area challenged by the test patterns targeting stuck-at faults.
K337: Short | L337: =(1/3*lookup!L11+2/3*(0.5*lookup!J101+0.5*lookup!K101))*L321 -> 0.46400815 | M337: 0.05 | N337: Short fault coverage within part 1) can be estimated proportionally to the number of tested wires (as for mutually exclusive sets of faults). Short fault coverage for part 2) is done as for independed sets of faults detected by multiple test patterns. It is estimated a probability of constitution of "short"-fault according to scenario 1 (sheet d.c. fault estimation) is 50%, and probability of constitution of "short"-fault according to scenario 2 is remaining 50%. Coverage is dettermined based on the estimated number of applied test patterns and corresponding values are taken from columns J and K on "lookup" sheet.
B343: cm4_fpu | K343: Stuck-at | M343: 0.7
K345: Open | M345: 0.2
K348: Stuck-open | M348: 0.05
K350: Short | M350: 0.05
D353: =SUM(D2:D352) -> 1 | J353: =SUM(J2:J352) -> 0.90028548 | K353: =IF(J353>0.9,TRUE,FALSE) -> TRUE

Sheet d.c. fault estimation
A1: "short"-fault scenarios: | B1: "short"-fault coverage estimation for "cm4_dpu_alu" and "cm4_dpu_e.cm4_dpu_e_simdsat" sub-modules:
A3: Scenario 1: | B3: Portion of short-faults constituted according to scenario 1: | C3: 0.5 | E3: 0.5
A4: 'Inputs of the AND gate: | B4: Portion of short-faults constituted according to scenario 2: | C4: 0.5 | E4: 0.5
A5: '(correct values) --> (result of a "short" fault) | B5: Estimated number of detected short fault achieved by all applied short-fault test pattern in scenario 1: | C5: =C3*lookup!B301 -> 0.4999999 | D5: (1) | E5: =C3*lookup!B201 -> 0.49998247 | F5: (1)
A6: '(0,1)-->(1,1) : dangerous, detection status is determined by a status of stuck-at-1 at port 1 | B6: Estimated number of detected short fault achieved by all applied short-fault test pattern in scenario 2: | C6: =C4*lookup!C301 -> 0.26403841 | D6: (2) | E6: =C4*lookup!C201 -> 0.19692447 | F6: (2)
A7: '(1,0)-->(1,1) : dangerous, detection status is determined by a status of stuck-at-1 at port 2 | C7: =C5+C6 -> 0.76403831 | D7: (1) + (2) | E7: =E5+E6 -> 0.69690694 | F7: (1) + (2)
A8: '(1,0)-->(0,0) : safe
A9: '(0,1)-->(0,0) : safe
B10: "short"-fault coverage estimation for "cm4_dpu_dec" sub-module: | E10: Hints to "open" fault coverage estimation for "cm4_dpu_dec" sub-module: | H10: Hints to "stuck-open" fault coverage estimation for "cm4_dpu_dec" sub-module:
A11: 'Inputs of the OR gate:
A12: '(correct values) --> (result of a "short" fault) | B12: Relative number of tested instructions: | C12: 0.99 | E12: Case 1: | H12: TP1 | I12: TP2 | J12: TP3 | K12: TP4 | L12: TP5 | M12: TP6
A13: '(1,0)-->(1,1) : safe | B13: Portion of faults leading to case 1 (no race condition): | C13: 0.5 | E13: POWER(0.5,6) | G13: probability of not detection an open fault by 6x test patterns | H13: 0 | I13: 0 | J13: 0 | K13: 0 | L13: 0 | M13: 1 | O13: With 6x test patterns, it is possible to
A14: '(0,1)-->(1,1) : safe | B14: Portion of faults leading to case 2 (race condition possible): | C14: 0.5 | E14: 1-POWER(0.5,6) | G14: probability of detection an open fault by 6x test patterns | H14: 0 | I14: 0 | J14: 0 | K14: 0 | L14: 1 | M14: 1 | O14: get 11x 0 -> 1 -> 0 transitions out of 16
A15: '(1,0)-->(0,0) : dangerous, detection status is determined by a status of stuck-at-0 at port 1 | B15: Probability of fault (race-condition) detection by a single test pattern in case 2: | C15: 0.5 | E15: 0.99*0.5*(1-POWER(0.5,6)) | G15: the same as in row above, but taking into account 50% portion of faults in case 1 and 99% of tested instructions | H15: 0 | I15: 0 | J15: 0 | K15: 1 | L15: 0 | M15: 1 | O15: possible combinations.
A16: '(0,1)-->(0,0) : dangerous, detection status is determined by a status of stuck-at-0 at port 2 | E16: =lookup!D356*C13*(1-POWER(0.5,6)) -> 0.48923438 | G16: the same as in row above but as formula | H16: 0 | I16: 0 | J16: 0 | K16: 1 | L16: 1 | M16: 1
H17: 0 | I17: 0 | J17: 1 | K17: 0 | L17: 0 | M17: 1 | O17: In this case, stuck-open fault coverage is:
A18: 'Port 1 being an input of NOT (having output to the AND gate) and port 2 being another input of AND: | E18: Case 2: | H18: 0 | I18: 0 | J18: 1 | K18: 0 | L18: 1 | M18: 1 | O18: =11/16 -> 0.6875
A19: '(correct values) --> (result of a "short" fault) | E19: 0.5*0.5=0.25 | F19: =C15*0.5 -> 0.25 | G19: probability of detection a race-condition in combination with an open fault by 1x test pattern | H19: 0 | I19: 0 | J19: 1 | K19: 1 | L19: 0 | M19: 1
A20: '(1,0)-->(1,1) : safe | E20: 1-0.25=0.75 | F20: =1-F19 -> 0.75 | G20: probability of not detection a race-condition in combination with an open fault by 1x test pattern | H20: 0 | I20: 0 | J20: 1 | K20: 1 | L20: 1 | M20: 1 | O20: Coverage of stuck-open faults is not done separately for case 1 and case 2 for making the estimation simpler. On one side, possible race-condition in case 2 may lead to decreased coverage of these faults because some expected value and some time is not set as expected within 0 -> 1 - > 0 transition. On the other side, possible race condition may cause more than currently accounted 11x 0 -> 1 - > 0 transisions leading to higher coverage.
A21: '(1,0)-->(0,0) : safe | E21: POWER(0.75,6) | F21: =POWER(F20,6) -> 0.17797852 | G21: probability of not detection a race-condition in combination with an open fault by 6x test patterns | H21: 0 | I21: 1 | J21: 0 | K21: 0 | L21: 0 | M21: 1
A22: '(0,1)-->(0,0) : dangerous, detection status is determined by a status of stuck-at-1 at input of NOT | E22: 1-POWER(0.75,6) | F22: =1-F21 -> 0.82202148 | G22: probability of detection a race-condition in combination with an open fault by 6x test patterns | H22: 0 | I22: 1 | J22: 0 | K22: 0 | L22: 1 | M22: 1
A23: '(0,1)-->(1,1) : dangerous, detection status is determined by a status of stuck-at-1 at input of NOT | E23: 0.99*0.5*(1-POWER(0.75,6)) | F23: =lookup!D356*C14*F22 -> 0.40854468 | G23: the same as in row above, but taking into account 50% portion of faults in case 2 and 98% of tested instructions | H23: 0 | I23: 1 | J23: 0 | K23: 1 | L23: 0 | M23: 1
H24: 0 | I24: 1 | J24: 0 | K24: 1 | L24: 1 | M24: 1
A25: Scenario 2: | H25: 0 | I25: 1 | J25: 1 | K25: 0 | L25: 0 | M25: 1
A26: "short"-fault ocures between any two wires within the sub-module logic | H26: 0 | I26: 1 | J26: 1 | K26: 0 | L26: 1 | M26: 1
H27: 0 | I27: 1 | J27: 1 | K27: 1 | L27: 0 | M27: 1
A28: 'A "short" fault between given wires is considered as detected, if within the _same_ test pattern | H28: 0 | I28: 1 | J28: 1 | K28: 1 | L28: 1 | M28: 1
A29: 'either stuck-at-0 on wire 1 is detected and stuck-at-1 on wire 2 is detected, or vise-versa.
B35: "short"-fault coverage estimation for "cm4_dpu_e.cm4_dpu_e_dec" sub-module: | E35: Hints to "open" fault coverage estimation for "cm4_dpu_e.cm4_dpu_e_dec" sub-module: | H35: Hints to "stuck-open" fault coverage estimation for "cm4_dpu_e.cm4_dpu_e_dec" sub-module:
B37: Relative number of tested instructions: | C37: 1 | E37: Case 1: | H37: TP1 | I37: TP2 | J37: TP3 | K37: TP4 | L37: TP5 | M37: TP6
B38: Portion of faults leading to case 1 (no race condition): | C38: 0.5 | E38: POWER(0.5,6) | G38: probability of not detection an open fault by 6x test patterns | H38: 0 | I38: 0 | J38: 0 | K38: 0 | L38: 0 | M38: 1 | O38: With 6x test patterns, it is possible to
B39: Portion of faults leading to case 2 (race condition possible): | C39: 0.5 | E39: 1-POWER(0.5,6) | G39: probability of detection an open fault by 6x test patterns | H39: 0 | I39: 0 | J39: 0 | K39: 0 | L39: 1 | M39: 1 | O39: get 11x 0 -> 1 -> 0 transitions out of 16
B40: Probability of fault (race-condition) detection by a single test pattern in case 2: | C40: 0.5 | E40: 0.999*0.5*(1-POWER(0.5,6)) | G40: the same as in row above, but taking into account 50% portion of faults in case 1 and 99% of tested instructions | H40: 0 | I40: 0 | J40: 0 | K40: 1 | L40: 0 | M40: 1 | O40: possible combinations.
E41: =lookup!F98*C38*(1-POWER(0.5,6)) -> 0.49174453 | G41: the same as in row above but as formula | H41: 0 | I41: 0 | J41: 0 | K41: 1 | L41: 1 | M41: 1
H42: 0 | I42: 0 | J42: 1 | K42: 0 | L42: 0 | M42: 1 | O42: In this case, stuck-open fault coverage is:
E43: Case 2: | H43: 0 | I43: 0 | J43: 1 | K43: 0 | L43: 1 | M43: 1 | O43: =11/16 -> 0.6875
E44: 0.5*0.5=0.25 | F44: =C40*0.5 -> 0.25 | G44: probability of detection a race-condition in combination with an open fault by 1x test pattern | H44: 0 | I44: 0 | J44: 1 | K44: 1 | L44: 0 | M44: 1
E45: 1-0.25=0.75 | F45: =1-F44 -> 0.75 | G45: probability of not detection a race-condition in combination with an open fault by 1x test pattern | H45: 0 | I45: 0 | J45: 1 | K45: 1 | L45: 1 | M45: 1
E46: POWER(0.75,6) | F46: =POWER(F45,6) -> 0.17797852 | G46: probability of not detection a race-condition in combination with an open fault by 6x test patterns | H46: 0 | I46: 1 | J46: 0 | K46: 0 | L46: 0 | M46: 1
E47: 1-POWER(0.75,6) | F47: =1-F46 -> 0.82202148 | G47: probability of detection a race-condition in combination with an open fault by 6x test patterns | H47: 0 | I47: 1 | J47: 0 | K47: 0 | L47: 1 | M47: 1
E48: 0.999*0.5*(1-POWER(0.75,6)) | F48: =lookup!F98*C39*F47 -> 0.41064083 | G48: the same as in row above, but taking into account 50% portion of faults in case 2 and 99% of tested instructions | H48: 0 | I48: 1 | J48: 0 | K48: 1 | L48: 0 | M48: 1
H49: 0 | I49: 1 | J49: 0 | K49: 1 | L49: 1 | M49: 1
H50: 0 | I50: 1 | J50: 1 | K50: 0 | L50: 0 | M50: 1
H51: 0 | I51: 1 | J51: 1 | K51: 0 | L51: 1 | M51: 1
H52: 0 | I52: 1 | J52: 1 | K52: 1 | L52: 0 | M52: 1
H53: 0 | I53: 1 | J53: 1 | K53: 1 | L53: 1 | M53: 1

Sheet lookup
A1: TP# | B1: Probabilities are sum-up-ed as for indpendent events | D1: Probabilities are sum-up-ed as for mutually-exclusive events | F1: Probabilities are sum-up-ed as for mutually-exclusive events | J1: Probabilities are sum-up-ed as for indpendent events
A2: 1 | B2: 0.05 | C2: =B2*B2 -> 0.0025 | D2: 0.0028 | E2: =D2*0.5+D2*0.5*0.5 -> 0.0021 | F2: 0.0103 | G2: =F2*0.5+F2*0.5*0.5 -> 0.007725 | H2: =1/(18*2) -> 0.027777778 | I2: =H2*H2 -> 0.00077160494 | J2: 0.03 | K2: =J2*J2 -> 0.0009 | L2: =1/20 -> 0.05
A3: 2 | B3: =B2+B$2-B2*B$2 -> 0.0975 | C3: =C2+C$2-C2*C$2 -> 0.00499375 | D3: =D2+D$2 -> 0.0056 | E3: =E2+E$2 -> 0.0042 | F3: =F2+F$2 -> 0.0206 | G3: =G2+G$2 -> 0.01545 | H3: =H2+H$2 -> 0.055555556 | I3: =I2+I$2 -> 0.0015432099 | J3: =J2+J$2-J2*J$2 -> 0.0591 | K3: =K2+K$2-K2*K$2 -> 0.00179919 | L3: =L2+L$2 -> 0.1
A4: 3 | B4: =B3+B$2-B3*B$2 -> 0.142625 | C4: =C3+C$2-C3*C$2 -> 0.0074812656 | D4: =D3+D$2 -> 0.0084 | E4: =E3+E$2 -> 0.0063 | F4: =F3+F$2 -> 0.0309 | G4: =G3+G$2 -> 0.023175 | H4: =H3+H$2 -> 0.083333333 | I4: =I3+I$2 -> 0.0023148148 | J4: =J3+J$2-J3*J$2 -> 0.087327 | K4: =K3+K$2-K3*K$2 -> 0.0026975707 | L4: =L3+L$2 -> 0.15
A5: 4 | B5: =B4+B$2-B4*B$2 -> 0.18549375 | C5: =C4+C$2-C4*C$2 -> 0.0099625625 | D5: =D4+D$2 -> 0.0112 | E5: =E4+E$2 -> 0.0084 | F5: =F4+F$2 -> 0.0412 | G5: =G4+G$2 -> 0.0309 | H5: =H4+H$2 -> 0.11111111 | I5: =I4+I$2 -> 0.0030864198 | J5: =J4+J$2-J4*J$2 -> 0.11470719 | K5: =K4+K$2-K4*K$2 -> 0.0035951429 | L5: =L4+L$2 -> 0.2
A6: 5 | B6: =B5+B$2-B5*B$2 -> 0.22621906 | C6: =C5+C$2-C5*C$2 -> 0.012437656 | D6: =D5+D$2 -> 0.014 | E6: =E5+E$2 -> 0.0105 | F6: =F5+F$2 -> 0.0515 | G6: =G5+G$2 -> 0.038625 | H6: =H5+H$2 -> 0.13888889 | I6: =I5+I$2 -> 0.0038580247 | J6: =J5+J$2-J5*J$2 -> 0.14126597 | K6: =K5+K$2-K5*K$2 -> 0.0044919073 | L6: =L5+L$2 -> 0.25
A7: 6 | B7: =B6+B$2-B6*B$2 -> 0.26490811 | C7: =C6+C$2-C6*C$2 -> 0.014906562 | D7: =D6+D$2 -> 0.0168 | E7: =E6+E$2 -> 0.0126 | F7: =F6+F$2 -> 0.0618 | G7: =G6+G$2 -> 0.04635 | H7: =H6+H$2 -> 0.16666667 | I7: =I6+I$2 -> 0.0046296296 | J7: =J6+J$2-J6*J$2 -> 0.167028 | K7: =K6+K$2-K6*K$2 -> 0.0053878646 | L7: =L6+L$2 -> 0.3
A8: 7 | B8: =B7+B$2-B7*B$2 -> 0.3016627 | C8: =C7+C$2-C7*C$2 -> 0.017369296 | D8: =D7+D$2 -> 0.0196 | E8: =E7+E$2 -> 0.0147 | F8: =F7+F$2 -> 0.0721 | G8: =G7+G$2 -> 0.054075 | H8: =H7+H$2 -> 0.19444444 | I8: =I7+I$2 -> 0.0054012346 | J8: =J7+J$2-J7*J$2 -> 0.19201716 | K8: =K7+K$2-K7*K$2 -> 0.0062830155 | L8: =L7+L$2 -> 0.35
A9: 8 | B9: =B8+B$2-B8*B$2 -> 0.33657957 | C9: =C8+C$2-C8*C$2 -> 0.019825872 | D9: =D8+D$2 -> 0.0224 | E9: =E8+E$2 -> 0.0168 | F9: =F8+F$2 -> 0.0824 | G9: =G8+G$2 -> 0.0618 | H9: =H8+H$2 -> 0.22222222 | I9: =I8+I$2 -> 0.0061728395 | J9: =J8+J$2-J8*J$2 -> 0.21625664 | K9: =K8+K$2-K8*K$2 -> 0.0071773608 | L9: =L8+L$2 -> 0.4
A10: 9 | B10: =B9+B$2-B9*B$2 -> 0.36975059 | C10: =C9+C$2-C9*C$2 -> 0.022276308 | D10: =D9+D$2 -> 0.0252 | E10: =E9+E$2 -> 0.0189 | F10: =F9+F$2 -> 0.0927 | G10: =G9+G$2 -> 0.069525 | H10: =H9+H$2 -> 0.25 | I10: =I9+I$2 -> 0.0069444444 | J10: =J9+J$2-J9*J$2 -> 0.23976894 | K10: =K9+K$2-K9*K$2 -> 0.0080709012 | L10: =L9+L$2 -> 0.45
A11: 10 | B11: =B10+B$2-B10*B$2 -> 0.40126306 | C11: =C10+C$2-C10*C$2 -> 0.024720617 | D11: =D10+D$2 -> 0.028 | E11: =E10+E$2 -> 0.021 | F11: =F10+F$2 -> 0.103 | G11: =G10+G$2 -> 0.07725 | H11: =H10+H$2 -> 0.27777778 | I11: =I10+I$2 -> 0.0077160494 | J11: =J10+J$2-J10*J$2 -> 0.26257587 | K11: =K10+K$2-K10*K$2 -> 0.0089636373 | L11: =L10+L$2 -> 0.5
A12: 11 | B12: =B11+B$2-B11*B$2 -> 0.43119991 | C12: =C11+C$2-C11*C$2 -> 0.027158815 | D12: =D11+D$2 -> 0.0308 | E12: =E11+E$2 -> 0.0231 | F12: =F11+F$2 -> 0.1133 | G12: =G11+G$2 -> 0.084975 | H12: =H11+H$2 -> 0.30555556 | I12: =I11+I$2 -> 0.0084876543 | J12: =J11+J$2-J11*J$2 -> 0.2846986 | K12: =K11+K$2-K11*K$2 -> 0.0098555701 | L12: =L11+L$2 -> 0.55
A13: 12 | B13: =B12+B$2-B12*B$2 -> 0.45963991 | C13: =C12+C$2-C12*C$2 -> 0.029590918 | D13: =D12+D$2 -> 0.0336 | E13: =E12+E$2 -> 0.0252 | F13: =F12+F$2 -> 0.1236 | G13: =G12+G$2 -> 0.0927 | H13: =H12+H$2 -> 0.33333333 | I13: =I12+I$2 -> 0.0092592593 | J13: =J12+J$2-J12*J$2 -> 0.30615764 | K13: =K12+K$2-K12*K$2 -> 0.0107467 | L13: =L12+L$2 -> 0.6
A14: 13 | B14: =B13+B$2-B13*B$2 -> 0.48665792 | C14: =C13+C$2-C13*C$2 -> 0.032016941 | D14: =D13+D$2 -> 0.0364 | E14: =E13+E$2 -> 0.0273 | F14: =F13+F$2 -> 0.1339 | G14: =G13+G$2 -> 0.100425 | H14: =H13+H$2 -> 0.36111111 | I14: =I13+I$2 -> 0.010030864 | J14: =J13+J$2-J13*J$2 -> 0.32697291 | K14: =K13+K$2-K13*K$2 -> 0.011637028 | L14: =L13+L$2 -> 0.65
... A20: 19 | B20: =B19+B$2-B19*B$2 -> 0.6226464 | C20: =C19+C$2-C19*C$2 -> 0.04644624 | D20: =D19+D$2 -> 0.0532 | E20: =E19+E$2 -> 0.0399 | F20: =F19+F$2 -> 0.1957 | G20: =G19+G$2 -> 0.146775 | H20: =H19+H$2 -> 0.52777778 | I20: =I19+I$2 -> 0.014660494 | J20: =J19+J$2-J19*J$2 -> 0.43938728 | K20: =K19+K$2-K19*K$2 -> 0.016962194 | L20: =L19+L$2 -> 0.95
A21: 20 | B21: =B20+B$2-B20*B$2 -> 0.64151408 | C21: =C20+C$2-C20*C$2 -> 0.048830125 | D21: =D20+D$2 -> 0.056 | E21: =E20+E$2 -> 0.042 | F21: =F20+F$2 -> 0.206 | G21: =G20+G$2 -> 0.1545 | H21: =H20+H$2 -> 0.55555556 | I21: =I20+I$2 -> 0.015432099 | J21: =J20+J$2-J20*J$2 -> 0.45620566 | K21: =K20+K$2-K20*K$2 -> 0.017846928
A22: 21 | B22: =B21+B$2-B21*B$2 -> 0.65943837 | C22: =C21+C$2-C21*C$2 -> 0.051208049 | D22: =D21+D$2 -> 0.0588 | E22: =E21+E$2 -> 0.0441 | F22: =F21+F$2 -> 0.2163 | G22: =G21+G$2 -> 0.162225 | H22: =H21+H$2 -> 0.58333333 | I22: =I21+I$2 -> 0.016203704 | J22: =J21+J$2-J21*J$2 -> 0.47251949 | K22: =K21+K$2-K21*K$2 -> 0.018730866
A23: 22 | B23: =B22+B$2-B22*B$2 -> 0.67646646 | C23: =C22+C$2-C22*C$2 -> 0.053580029 | D23: =D22+D$2 -> 0.0616 | E23: =E22+E$2 -> 0.0462 | F23: =F22+F$2 -> 0.2266 | G23: =G22+G$2 -> 0.16995 | H23: =H22+H$2 -> 0.61111111 | I23: =I22+I$2 -> 0.016975309 | J23: =J22+J$2-J22*J$2 -> 0.4883439 | K23: =K22+K$2-K22*K$2 -> 0.019614008
A24: 23 | B24: =B23+B$2-B23*B$2 -> 0.69264313 | C24: =C23+C$2-C23*C$2 -> 0.055946079 | D24: =D23+D$2 -> 0.0644 | E24: =E23+E$2 -> 0.0483 | F24: =F23+F$2 -> 0.2369 | G24: =G23+G$2 -> 0.177675 | H24: =H23+H$2 -> 0.63888889 | I24: =I23+I$2 -> 0.017746914 | J24: =J23+J$2-J23*J$2 -> 0.50369359 | K24: =K23+K$2-K23*K$2 -> 0.020496355
A25: 24 | B25: =B24+B$2-B24*B$2 -> 0.70801098 | C25: =C24+C$2-C24*C$2 -> 0.058306214 | D25: =D24+D$2 -> 0.0672 | E25: =E24+E$2 -> 0.0504 | F25: =F24+F$2 -> 0.2472 | G25: =G24+G$2 -> 0.1854 | H25: =H24+H$2 -> 0.66666667 | I25: =I24+I$2 -> 0.018518519 | J25: =J24+J$2-J24*J$2 -> 0.51858278 | K25: =K24+K$2-K24*K$2 -> 0.021377909
A26: 25 | B26: =B25+B$2-B25*B$2 -> 0.72261043 | C26: =C25+C$2-C25*C$2 -> 0.060660449 | D26: =D25+D$2 -> 0.07 | E26: =E25+E$2 -> 0.0525 | F26: =F25+F$2 -> 0.2575 | G26: =G25+G$2 -> 0.193125 | H26: =H25+H$2 -> 0.69444444 | I26: =I25+I$2 -> 0.019290123 | J26: =J25+J$2-J25*J$2 -> 0.53302529 | K26: =K25+K$2-K25*K$2 -> 0.022258668
A27: 26 | B27: =B26+B$2-B26*B$2 -> 0.73647991 | C27: =C26+C$2-C26*C$2 -> 0.063008797 | D27: =D26+D$2 -> 0.0728 | E27: =E26+E$2 -> 0.0546 | F27: =F26+F$2 -> 0.2678 | G27: =G26+G$2 -> 0.20085 | H27: =H26+H$2 -> 0.72222222 | I27: =I26+I$2 -> 0.020061728 | J27: =J26+J$2-J26*J$2 -> 0.54703454 | K27: =K26+K$2-K26*K$2 -> 0.023138636
A28: 27 | B28: =B27+B$2-B27*B$2 -> 0.74965591 | C28: =C27+C$2-C27*C$2 -> 0.065351275 | D28: =D27+D$2 -> 0.0756 | E28: =E27+E$2 -> 0.0567 | F28: =F27+F$2 -> 0.2781 | G28: =G27+G$2 -> 0.208575 | H28: =H27+H$2 -> 0.75 | I28: =I27+I$2 -> 0.020833333 | J28: =J27+J$2-J27*J$2 -> 0.5606235 | K28: =K27+K$2-K27*K$2 -> 0.024017811
A29: 28 | B29: =B28+B$2-B28*B$2 -> 0.76217311 | C29: =C28+C$2-C28*C$2 -> 0.067687897 | D29: =D28+D$2 -> 0.0784 | E29: =E28+E$2 -> 0.0588 | F29: =F28+F$2 -> 0.2884 | G29: =G28+G$2 -> 0.2163 | H29: =H28+H$2 -> 0.77777778 | I29: =I28+I$2 -> 0.021604938 | J29: =J28+J$2-J28*J$2 -> 0.57380479 | K29: =K28+K$2-K28*K$2 -> 0.024896195
A30: 29 | B30: =B29+B$2-B29*B$2 -> 0.77406446 | C30: =C29+C$2-C29*C$2 -> 0.070018677 | D30: =D29+D$2 -> 0.0812 | E30: =E29+E$2 -> 0.0609 | F30: =F29+F$2 -> 0.2987 | G30: =G29+G$2 -> 0.224025 | H30: =H29+H$2 -> 0.80555556 | I30: =I29+I$2 -> 0.022376543 | J30: =J29+J$2-J29*J$2 -> 0.58659065 | K30: =K29+K$2-K29*K$2 -> 0.025773788
A31: 30 | B31: =B30+B$2-B30*B$2 -> 0.78536124 | C31: =C30+C$2-C30*C$2 -> 0.072343631 | D31: =D30+D$2 -> 0.084 | E31: =E30+E$2 -> 0.063 | F31: =F30+F$2 -> 0.309 | G31: =G30+G$2 -> 0.23175 | H31: =H30+H$2 -> 0.83333333 | I31: =I30+I$2 -> 0.023148148 | J31: =J30+J$2-J30*J$2 -> 0.59899293 | K31: =K30+K$2-K30*K$2 -> 0.026650592
A32: 31 | B32: =B31+B$2-B31*B$2 -> 0.79609317 | C32: =C31+C$2-C31*C$2 -> 0.074662772 | D32: =D31+D$2 -> 0.0868 | E32: =E31+E$2 -> 0.0651 | F32: =F31+F$2 -> 0.3193 | G32: =G31+G$2 -> 0.239475 | H32: =H31+H$2 -> 0.86111111 | I32: =I31+I$2 -> 0.023919753 | J32: =J31+J$2-J31*J$2 -> 0.61102314 | K32: =K31+K$2-K31*K$2 -> 0.027526606
... A37: 36 | B37: =B36+B$2-B36*B$2 -> 0.84222079 | C37: =C36+C$2-C36*C$2 -> 0.086171798 | D37: =D36+D$2 -> 0.1008 | E37: =E36+E$2 -> 0.0756 | F37: =F36+F$2 -> 0.3708 | G37: =G36+G$2 -> 0.2781 | H37: =H36+H$2 -> 1 | I37: =I36+I$2 -> 0.027777778 | J37: =J36+J$2-J36*J$2 -> 0.66597234 | K37: =K36+K$2-K36*K$2 -> 0.031894867
A38: 37 | B38: =B37+B$2-B37*B$2 -> 0.85010975 | C38: =C37+C$2-C37*C$2 -> 0.088456368 | D38: =D37+D$2 -> 0.1036 | E38: =E37+E$2 -> 0.0777 | F38: =F37+F$2 -> 0.3811 | G38: =G37+G$2 -> 0.285825 | I38: =I37+I$2 -> 0.028549383 | J38: =J37+J$2-J37*J$2 -> 0.67599317 | K38: =K37+K$2-K37*K$2 -> 0.032766161
A39: 38 | B39: =B38+B$2-B38*B$2 -> 0.85760426 | C39: =C38+C$2-C38*C$2 -> 0.090735227 | D39: =D38+D$2 -> 0.1064 | E39: =E38+E$2 -> 0.0798 | F39: =F38+F$2 -> 0.3914 | G39: =G38+G$2 -> 0.29355 | I39: =I38+I$2 -> 0.029320988 | J39: =J38+J$2-J38*J$2 -> 0.68571337 | K39: =K38+K$2-K38*K$2 -> 0.033636672
A40: 39 | B40: =B39+B$2-B39*B$2 -> 0.86472405 | C40: =C39+C$2-C39*C$2 -> 0.093008389 | D40: =D39+D$2 -> 0.1092 | E40: =E39+E$2 -> 0.0819 | F40: =F39+F$2 -> 0.4017 | G40: =G39+G$2 -> 0.301275 | I40: =I39+I$2 -> 0.030092593 | J40: =J39+J$2-J39*J$2 -> 0.69514197 | K40: =K39+K$2-K39*K$2 -> 0.034506399
A41: 40 | B41: =B40+B$2-B40*B$2 -> 0.87148784 | C41: =C40+C$2-C40*C$2 -> 0.095275868 | D41: =D40+D$2 -> 0.112 | E41: =E40+E$2 -> 0.084 | F41: =F40+F$2 -> 0.412 | G41: =G40+G$2 -> 0.309 | I41: =I40+I$2 -> 0.030864198 | J41: =J40+J$2-J40*J$2 -> 0.70428771 | K41: =K40+K$2-K40*K$2 -> 0.035375343
A42: 41 | B42: =B41+B$2-B41*B$2 -> 0.87791345 | C42: =C41+C$2-C41*C$2 -> 0.097537679 | D42: =D41+D$2 -> 0.1148 | E42: =E41+E$2 -> 0.0861 | F42: =F41+F$2 -> 0.4223 | G42: =G41+G$2 -> 0.316725 | I42: =I41+I$2 -> 0.031635802 | J42: =J41+J$2-J41*J$2 -> 0.71315908 | K42: =K41+K$2-K41*K$2 -> 0.036243505
A43: 42 | B43: =B42+B$2-B42*B$2 -> 0.88401778 | C43: =C42+C$2-C42*C$2 -> 0.099793835 | D43: =D42+D$2 -> 0.1176 | E43: =E42+E$2 -> 0.0882 | F43: =F42+F$2 -> 0.4326 | G43: =G42+G$2 -> 0.32445 | I43: =I42+I$2 -> 0.032407407 | J43: =J42+J$2-J42*J$2 -> 0.72176431 | K43: =K42+K$2-K42*K$2 -> 0.037110886
A44: 43 | B44: =B43+B$2-B43*B$2 -> 0.88981689 | C44: =C43+C$2-C43*C$2 -> 0.10204435 | D44: =D43+D$2 -> 0.1204 | E44: =E43+E$2 -> 0.0903 | F44: =F43+F$2 -> 0.4429 | G44: =G43+G$2 -> 0.332175 | I44: =I43+I$2 -> 0.033179012 | J44: =J43+J$2-J43*J$2 -> 0.73011138 | K44: =K43+K$2-K43*K$2 -> 0.037977486
A45: 44 | B45: =B44+B$2-B44*B$2 -> 0.89532605 | C45: =C44+C$2-C44*C$2 -> 0.10428924 | D45: =D44+D$2 -> 0.1232 | E45: =E44+E$2 -> 0.0924 | F45: =F44+F$2 -> 0.4532 | G45: =G44+G$2 -> 0.3399 | I45: =I44+I$2 -> 0.033950617 | J45: =J44+J$2-J44*J$2 -> 0.73820804 | K45: =K44+K$2-K44*K$2 -> 0.038843306
A46: 45 | B46: =B45+B$2-B45*B$2 -> 0.90055974 | C46: =C45+C$2-C45*C$2 -> 0.10652852 | D46: =D45+D$2 -> 0.126 | E46: =E45+E$2 -> 0.0945 | F46: =F45+F$2 -> 0.4635 | G46: =G45+G$2 -> 0.347625 | I46: =I45+I$2 -> 0.034722222 | J46: =J45+J$2-J45*J$2 -> 0.7460618 | K46: =K45+K$2-K45*K$2 -> 0.039708347
A47: 46 | B47: =B46+B$2-B46*B$2 -> 0.90553176 | C47: =C46+C$2-C46*C$2 -> 0.10876219 | D47: =D46+D$2 -> 0.1288 | E47: =E46+E$2 -> 0.0966 | F47: =F46+F$2 -> 0.4738 | G47: =G46+G$2 -> 0.35535 | I47: =I46+I$2 -> 0.035493827 | J47: =J46+J$2-J46*J$2 -> 0.75367994 | K47: =K46+K$2-K46*K$2 -> 0.04057261
A48: 47 | B48: =B47+B$2-B47*B$2 -> 0.91025517 | C48: =C47+C$2-C47*C$2 -> 0.11099029 | D48: =D47+D$2 -> 0.1316 | E48: =E47+E$2 -> 0.0987 | F48: =F47+F$2 -> 0.4841 | G48: =G47+G$2 -> 0.363075 | I48: =I47+I$2 -> 0.036265432 | J48: =J47+J$2-J47*J$2 -> 0.76106954 | K48: =K47+K$2-K47*K$2 -> 0.041436095
A49: 48 | B49: =B48+B$2-B48*B$2 -> 0.91474241 | C49: =C48+C$2-C48*C$2 -> 0.11321281 | D49: =D48+D$2 -> 0.1344 | E49: =E48+E$2 -> 0.1008 | F49: =F48+F$2 -> 0.4944 | G49: =G48+G$2 -> 0.3708 | I49: =I48+I$2 -> 0.037037037 | J49: =J48+J$2-J48*J$2 -> 0.76823746 | K49: =K48+K$2-K48*K$2 -> 0.042298802
... A98: 97 | B98: =B97+B$2-B97*B$2 -> 0.99309459 | C98: =C97+C$2-C97*C$2 -> 0.21557446 | D98: =D97+D$2 -> 0.2716 | E98: =E97+E$2 -> 0.2037 | F98: =F97+F$2 -> 0.9991 | G98: =G97+G$2 -> 0.749325 | I98: =I97+I$2 -> 0.074845679 | J98: =J97+J$2-J97*J$2 -> 0.94789754 | K98: =K97+K$2-K97*K$2 -> 0.083633888
A99: 98 | B99: =B98+B$2-B98*B$2 -> 0.99343986 | C99: =C98+C$2-C98*C$2 -> 0.21753553 | D99: =D98+D$2 -> 0.2744 | E99: =E98+E$2 -> 0.2058 | I99: =I98+I$2 -> 0.075617284 | J99: =J98+J$2-J98*J$2 -> 0.94946061 | K99: =K98+K$2-K98*K$2 -> 0.084458618
A100: 99 | B100: =B99+B$2-B99*B$2 -> 0.99376786 | C100: =C99+C$2-C99*C$2 -> 0.21949169 | D100: =D99+D$2 -> 0.2772 | E100: =E99+E$2 -> 0.2079 | I100: =I99+I$2 -> 0.076388889 | J100: =J99+J$2-J99*J$2 -> 0.9509768 | K100: =K99+K$2-K99*K$2 -> 0.085282605
A101: 100 | B101: =B100+B$2-B100*B$2 -> 0.99407947 | C101: =C100+C$2-C100*C$2 -> 0.22144296 | D101: =D100+D$2 -> 0.28 | E101: =E100+E$2 -> 0.21 | I101: =I100+I$2 -> 0.077160494 | J101: =J100+J$2-J100*J$2 -> 0.95244749 | K101: =K100+K$2-K100*K$2 -> 0.08610585
A102: 101 | B102: =B101+B$2-B101*B$2 -> 0.9943755 | C102: =C101+C$2-C101*C$2 -> 0.22338935 | D102: =D101+D$2 -> 0.2828 | E102: =E101+E$2 -> 0.2121 | I102: =I101+I$2 -> 0.077932099 | J102: =J101+J$2-J101*J$2 -> 0.95387407 | K102: =K101+K$2-K101*K$2 -> 0.086928355
A103: 102 | B103: =B102+B$2-B102*B$2 -> 0.99465672 | C103: =C102+C$2-C102*C$2 -> 0.22533088 | D103: =D102+D$2 -> 0.2856 | E103: =E102+E$2 -> 0.2142 | I103: =I102+I$2 -> 0.078703704 | J103: =J102+J$2-J102*J$2 -> 0.95525785 | K103: =K102+K$2-K102*K$2 -> 0.08775012
A104: 103 | B104: =B103+B$2-B103*B$2 -> 0.99492389 | C104: =C103+C$2-C103*C$2 -> 0.22726755 | D104: =D103+D$2 -> 0.2884 | E104: =E103+E$2 -> 0.2163 | I104: =I103+I$2 -> 0.079475309 | J104: =J103+J$2-J103*J$2 -> 0.95660011 | K104: =K103+K$2-K103*K$2 -> 0.088571145
A105: 104 | B105: =B104+B$2-B104*B$2 -> 0.99517769 | C105: =C104+C$2-C104*C$2 -> 0.22919938 | D105: =D104+D$2 -> 0.2912 | E105: =E104+E$2 -> 0.2184 | I105: =I104+I$2 -> 0.080246914 | J105: =J104+J$2-J104*J$2 -> 0.95790211 | K105: =K104+K$2-K104*K$2 -> 0.08939143
A106: 105 | B106: =B105+B$2-B105*B$2 -> 0.99541881 | C106: =C105+C$2-C105*C$2 -> 0.23112639 | D106: =D105+D$2 -> 0.294 | E106: =E105+E$2 -> 0.2205 | I106: =I105+I$2 -> 0.081018519 | J106: =J105+J$2-J105*J$2 -> 0.95916504 | K106: =K105+K$2-K105*K$2 -> 0.090210978
A107: 106 | B107: =B106+B$2-B106*B$2 -> 0.99564787 | C107: =C106+C$2-C106*C$2 -> 0.23304857 | D107: =D106+D$2 -> 0.2968 | E107: =E106+E$2 -> 0.2226 | I107: =I106+I$2 -> 0.081790123 | J107: =J106+J$2-J106*J$2 -> 0.96039009 | K107: =K106+K$2-K106*K$2 -> 0.091029788
A108: 107 | B108: =B107+B$2-B107*B$2 -> 0.99586547 | C108: =C107+C$2-C107*C$2 -> 0.23496595 | D108: =D107+D$2 -> 0.2996 | E108: =E107+E$2 -> 0.2247 | I108: =I107+I$2 -> 0.082561728 | J108: =J107+J$2-J107*J$2 -> 0.96157839 | K108: =K107+K$2-K107*K$2 -> 0.091847862
A109: 108 | B109: =B108+B$2-B108*B$2 -> 0.9960722 | C109: =C108+C$2-C108*C$2 -> 0.23687853 | D109: =D108+D$2 -> 0.3024 | E109: =E108+E$2 -> 0.2268 | I109: =I108+I$2 -> 0.083333333 | J109: =J108+J$2-J108*J$2 -> 0.96273104 | K109: =K108+K$2-K108*K$2 -> 0.092665198
A110: 109 | B110: =B109+B$2-B109*B$2 -> 0.99626859 | C110: =C109+C$2-C109*C$2 -> 0.23878634 | D110: =D109+D$2 -> 0.3052 | E110: =E109+E$2 -> 0.2289 | J110: =J109+J$2-J109*J$2 -> 0.96384911 | K110: =K109+K$2-K109*K$2 -> 0.0934818
A111: 110 | B111: =B110+B$2-B110*B$2 -> 0.99645516 | C111: =C110+C$2-C110*C$2 -> 0.24068937 | D111: =D110+D$2 -> 0.308 | E111: =E110+E$2 -> 0.231 | J111: =J110+J$2-J110*J$2 -> 0.96493363 | K111: =K110+K$2-K110*K$2 -> 0.094297666
A112: 111 | B112: =B111+B$2-B111*B$2 -> 0.9966324 | C112: =C111+C$2-C111*C$2 -> 0.24258765 | D112: =D111+D$2 -> 0.3108 | E112: =E111+E$2 -> 0.2331 | J112: =J111+J$2-J111*J$2 -> 0.96598562 | K112: =K111+K$2-K111*K$2 -> 0.095112798
A113: 112 | B113: =B112+B$2-B112*B$2 -> 0.99680078 | C113: =C112+C$2-C112*C$2 -> 0.24448118 | D113: =D112+D$2 -> 0.3136 | E113: =E112+E$2 -> 0.2352 | J113: =J112+J$2-J112*J$2 -> 0.96700606 | K113: =K112+K$2-K112*K$2 -> 0.095927197
A114: 113 | B114: =B113+B$2-B113*B$2 -> 0.99696074 | C114: =C113+C$2-C113*C$2 -> 0.24636998 | D114: =D113+D$2 -> 0.3164 | E114: =E113+E$2 -> 0.2373 | J114: =J113+J$2-J113*J$2 -> 0.96799587 | K114: =K113+K$2-K113*K$2 -> 0.096740862
A115: 114 | B115: =B114+B$2-B114*B$2 -> 0.99711271 | C115: =C114+C$2-C114*C$2 -> 0.24825405 | D115: =D114+D$2 -> 0.3192 | E115: =E114+E$2 -> 0.2394 | J115: =J114+J$2-J114*J$2 -> 0.968956 | K115: =K114+K$2-K114*K$2 -> 0.097553795
A116: 115 | B116: =B115+B$2-B115*B$2 -> 0.99725707 | C116: =C115+C$2-C115*C$2 -> 0.25013342 | D116: =D115+D$2 -> 0.322 | E116: =E115+E$2 -> 0.2415 | J116: =J115+J$2-J115*J$2 -> 0.96988732 | K116: =K115+K$2-K115*K$2 -> 0.098365997
A117: 116 | B117: =B116+B$2-B116*B$2 -> 0.99739422 | C117: =C116+C$2-C116*C$2 -> 0.25200808 | D117: =D116+D$2 -> 0.3248 | E117: =E116+E$2 -> 0.2436 | J117: =J116+J$2-J116*J$2 -> 0.9707907 | K117: =K116+K$2-K116*K$2 -> 0.099177468
A118: 117 | B118: =B117+B$2-B117*B$2 -> 0.99752451 | C118: =C117+C$2-C117*C$2 -> 0.25387806 | D118: =D117+D$2 -> 0.3276 | E118: =E117+E$2 -> 0.2457 | J118: =J117+J$2-J117*J$2 -> 0.97166698 | K118: =K117+K$2-K117*K$2 -> 0.099988208
A119: 118 | B119: =B118+B$2-B118*B$2 -> 0.99764828 | C119: =C118+C$2-C118*C$2 -> 0.25574337 | D119: =D118+D$2 -> 0.3304 | E119: =E118+E$2 -> 0.2478 | J119: =J118+J$2-J118*J$2 -> 0.97251697 | K119: =K118+K$2-K118*K$2 -> 0.10079822
A120: 119 | B120: =B119+B$2-B119*B$2 -> 0.99776587 | C120: =C119+C$2-C119*C$2 -> 0.25760401 | D120: =D119+D$2 -> 0.3332 | E120: =E119+E$2 -> 0.2499 | J120: =J119+J$2-J119*J$2 -> 0.97334146 | K120: =K119+K$2-K119*K$2 -> 0.1016075
A121: 120 | B121: =B120+B$2-B120*B$2 -> 0.99787757 | C121: =C120+C$2-C120*C$2 -> 0.25946 | D121: =D120+D$2 -> 0.336 | E121: =E120+E$2 -> 0.252 | J121: =J120+J$2-J120*J$2 -> 0.97414122 | K121: =K120+K$2-K120*K$2 -> 0.10241605
... A358: 357 | B358: =B357+B$2-B357*B$2 -> 0.99999999 | C358: =C357+C$2-C357*C$2 -> 0.59082711 | D358: =D357+D$2 -> 0.9996 | E358: =E357+E$2 -> 0.7497 | J358: =J357+J$2-J357*J$2 -> 0.99998105 | K358: =K357+K$2-K357*K$2 -> 0.27489925
A359: 358 | B359: =B358+B$2-B358*B$2 -> 0.99999999 | C359: =C358+C$2-C358*C$2 -> 0.59185004 | J359: =J358+J$2-J358*J$2 -> 0.99998162 | K359: =K358+K$2-K358*K$2 -> 0.27555184
A360: 359 | B360: =B359+B$2-B359*B$2 -> 0.99999999 | C360: =C359+C$2-C359*C$2 -> 0.59287041 | J360: =J359+J$2-J359*J$2 -> 0.99998217 | K360: =K359+K$2-K359*K$2 -> 0.27620385
A361: 360 | B361: =B360+B$2-B360*B$2 -> 0.99999999 | C361: =C360+C$2-C360*C$2 -> 0.59388824 | J361: =J360+J$2-J360*J$2 -> 0.99998271 | K361: =K360+K$2-K360*K$2 -> 0.27685526
A362: 361 | B362: =B361+B$2-B361*B$2 -> 0.99999999 | C362: =C361+C$2-C361*C$2 -> 0.59490352 | J362: =J361+J$2-J361*J$2 -> 0.99998323 | K362: =K361+K$2-K361*K$2 -> 0.27750609
A363: 362 | B363: =B362+B$2-B362*B$2 -> 0.99999999 | C363: =C362+C$2-C362*C$2 -> 0.59591626 | J363: =J362+J$2-J362*J$2 -> 0.99998373 | K363: =K362+K$2-K362*K$2 -> 0.27815634
A364: 363 | B364: =B363+B$2-B363*B$2 -> 0.99999999 | C364: =C363+C$2-C363*C$2 -> 0.59692647 | J364: =J363+J$2-J363*J$2 -> 0.99998422 | K364: =K363+K$2-K363*K$2 -> 0.278806
A365: 364 | B365: =B364+B$2-B364*B$2 -> 0.99999999 | C365: =C364+C$2-C364*C$2 -> 0.59793415 | J365: =J364+J$2-J364*J$2 -> 0.99998469 | K365: =K364+K$2-K364*K$2 -> 0.27945507
A366: 365 | B366: =B365+B$2-B365*B$2 -> 0.99999999 | C366: =C365+C$2-C365*C$2 -> 0.59893932 | J366: =J365+J$2-J365*J$2 -> 0.99998515 | K366: =K365+K$2-K365*K$2 -> 0.28010356
A367: 366 | B367: =B366+B$2-B366*B$2 -> 0.99999999 | C367: =C366+C$2-C366*C$2 -> 0.59994197 | J367: =J366+J$2-J366*J$2 -> 0.9999856 | K367: =K366+K$2-K366*K$2 -> 0.28075147
A368: 367 | B368: =B367+B$2-B367*B$2 -> 0.99999999 | C368: =C367+C$2-C367*C$2 -> 0.60094211 | J368: =J367+J$2-J367*J$2 -> 0.99998603 | K368: =K367+K$2-K367*K$2 -> 0.28139879
A369: 368 | B369: =B368+B$2-B368*B$2 -> 0.99999999 | C369: =C368+C$2-C368*C$2 -> 0.60193976 | J369: =J368+J$2-J368*J$2 -> 0.99998645 | K369: =K368+K$2-K368*K$2 -> 0.28204553
A370: 369 | B370: =B369+B$2-B369*B$2 -> 0.99999999 | C370: =C369+C$2-C369*C$2 -> 0.60293491 | J370: =J369+J$2-J369*J$2 -> 0.99998685 | K370: =K369+K$2-K369*K$2 -> 0.28269169
... A401: 400 | B401: =B400+B$2-B400*B$2 -> 1 | C401: =C400+C$2-C400*C$2 -> 0.63258089 | J401: =J400+J$2-J400*J$2 -> 0.99999489 | K401: =K400+K$2-K400*K$2 -> 0.30243676
A402: 401 | J402: =J401+J$2-J401*J$2 -> 0.99999504 | K402: =K401+K$2-K401*K$2 -> 0.30306456
A403: 402 | J403: =J402+J$2-J402*J$2 -> 0.99999519 | K403: =K402+K$2-K402*K$2 -> 0.30369181
A404: 403 | J404: =J403+J$2-J403*J$2 -> 0.99999533 | K404: =K403+K$2-K403*K$2 -> 0.30431848
A405: 404 | J405: =J404+J$2-J404*J$2 -> 0.99999547 | K405: =K404+K$2-K404*K$2 -> 0.3049446
A406: 405 | J406: =J405+J$2-J405*J$2 -> 0.99999561 | K406: =K405+K$2-K405*K$2 -> 0.30557015
A407: 406 | J407: =J406+J$2-J406*J$2 -> 0.99999574 | K407: =K406+K$2-K406*K$2 -> 0.30619513
A408: 407 | J408: =J407+J$2-J407*J$2 -> 0.99999587 | K408: =K407+K$2-K407*K$2 -> 0.30681956
A409: 408 | J409: =J408+J$2-J408*J$2 -> 0.99999599 | K409: =K408+K$2-K408*K$2 -> 0.30744342
A410: 409 | J410: =J409+J$2-J409*J$2 -> 0.99999611 | K410: =K409+K$2-K409*K$2 -> 0.30806672
A411: 410 | J411: =J410+J$2-J410*J$2 -> 0.99999623 | K411: =K410+K$2-K410*K$2 -> 0.30868946
A412: 411 | J412: =J411+J$2-J411*J$2 -> 0.99999634 | K412: =K411+K$2-K411*K$2 -> 0.30931164
A413: 412 | J413: =J412+J$2-J412*J$2 -> 0.99999645 | K413: =K412+K$2-K412*K$2 -> 0.30993326
... A455: 454 | J455: =J454+J$2-J454*J$2 -> 0.99999901 | K455: =K454+K$2-K454*K$2 -> 0.33554225

Sheet NVIC_DPU
A1: Output ports of NVIC connected to corresponding input ports of DPU (column B) | B1: Input ports of DPU connected to the corresponding output ports of NVIC (column A) | C1: Core sub-module the port signal propagated to | D1: Covered by test | F1: Input ports of NVIC that are connected to corresponding output ports of DPU module | G1: Core sub-module the port propagated from | H1: Covered by test
A2: output nvic_data_be8_o; // Endian BE8 | B2: input nvic_data_be8_i; | C2: cm4_dpu_fetch cm4_fpu cm4_dpu_lsu | D2: m4_scst_exception_test_svc | F2: input dpu_rst_pc_valid_i; // DPU has been reset | G2: cm4_dpu_exec | H2: N/A
A3: output [3:0] nvic_cpacr_o; // CPACR | B3: input [3:0] nvic_cpacr_i; | C3: cm4_fpu | D3: TBD | F3: input dpu_ahb_htransi_iss_i; // In data phase of I-AHB trans | G3: cm4_dpu_fetch | H3: Non testable
A4: output nvic_bfhfnmign_o; // Bus fault ignored in NMI/HF | B4: input nvic_bfhfnmign_i; | C4: cm4_dpu_exec cm5_dpu_lsu cm4_fpu | D4: m4_scst_exception_test_nmihf | F4: input [31:0] dpu_ahb_haddrd_i; // Data address | G4: cm4_dpu_lsu | H4: m4_scst_exception_test_bus_fault, m4_scst_exception_test_hard_fault
A5: output nvic_int_stk_algn_o; // Align stack to double word boundary | B5: input nvic_int_stk_algn_i; | C5: cm4_dpu_lsu | D5: m4_scst_exception_test_nmihf | F5: input dpu_ahb_haddrd_valid_i; // D addr valid to sample for FAR | G5: cm4_dpu_lsu | H5: m4_scst_exception_test_bus_fault, m4_scst_exception_test_hard_fault
A6: output nvic_div_0_trp_o; // Divide by zero fault enabled | B6: input nvic_div_0_trp_i; | C6: cm4_dpu_alu | D6: m4_scst_exception_usage_fault, m4_scst_exception_test_hard_fault | F6: input dpu_privileged_i; // DPU in privileged mode | G6: cm4_dpu_exec | H6: TBD
A7: output nvic_unalign_trp_o; // Unaligned fault enable | B7: input nvic_unalign_trp_i; | C7: cm4_dpu_lsu | D7: m4_scst_exception_usage_fault, m4_scst_exception_test_hard_fault | F7: input dpu_thread_i; // DPU in thread | G7: cm4_dpu_exec | H7: TBD
A8: output nvic_nonbasethrden_o; // Handler can be thread | B8: input nvic_nonbasethrden_i; | C8: cm4_dpu_exec | D8: m4_scst_exception_test_handler_thread | F8: input dpu_ivalid_i; // Decode enable | G8: cm4_dpu_dec | H8: Non testable
A9: output nvic_disfold_o; // Disable IT folding | B9: input nvic_disfold_i; | C9: cm4_dpu_dec | D9: Non testable | F9: input dpu_retire_i; // Opcode retire | G9: cm4_dpu_exec | H9: Non testable
A10: output nvic_dismcycint_o; // Disable int of multi-cycle ops | B10: input nvic_dismcycint_i; | C10: cm4_dpu_exec | D10: Non testable | F10: input [1:0] dpu_fpccr_we_i; // LSPACT write enable | G10: cm4_fpu | H10: TBD
A11: output nvic_no_lazy_stk_o; // Disable lazy stacking | B11: input nvic_no_lazy_stk_i; | C11: cm4_dpu_exec | D11: TBD | F11: input [31:0] dpu_fpcar_nxt_i; // FPCAR write value | G11: cm4_dpu_lsu | H11: TBD
A12: output nvic_no_ooo_o; // Disable out-of-order | B12: input nvic_no_ooo_i; | C12: cm4_fpu | D12: TBD | F12: input dpu_lazy_stk_i; // Lazy stack in progress | G12: cm4_fpu | H12: TBD
... A36: output [4:0] nvic_fpdscr_o; // FPDSCR register | B36: input [4:0] nvic_fpdscr_i; | C36: cm4_fpu | D36: TBD | F36: input dpu_dbg_wr_isr_i; // Debug over-ride of ISR number | G36: cm4_dpu_lsu | H36: N/A
C38: LSU - covered by tests | D38: =COUNTIFS(D2:D36,"m4_scst_*",C2:C36,"*cm4_dpu_lsu*") -> 9 | G38: LSU - covered by tests | H38: =COUNTIFS(H2:H36,"m4_scst_*",G2:G36,"*cm4_dpu_lsu*") -> 6
A39: Non-testable (safety-irrelevant) | C39: LSU - all | D39: =COUNTIF(C2:C36,"*cm4_dpu_lsu*")-COUNTIFS(C2:C36,"*cm4_dpu_lsu*",D2:D36,"*N/A*")-COUNTIFS(C2:C36,"*cm4_dpu_lsu*",D2:D36,"*TBD*") -> 9 | G39: LSU - all | H39: =COUNTIF(G2:G36,"*cm4_dpu_lsu*")-COUNTIFS(G2:G36,"*cm4_dpu_lsu*",H2:H36,"*N/A*")-COUNTIFS(G2:G36,"*cm4_dpu_lsu*",H2:H36,"*TBD*") -> 7
A40: Non-testable (safety-relevant) | C40: Fetch - covered by tests | D40: =COUNTIFS(D2:D36,"m4_scst_*",C2:C36,"*cm4_dpu_fetch*") -> 4 | G40: Fetch - covered by tests | H40: =COUNTIFS(H2:H36,"m4_scst_*",G2:G36,"*cm4_dpu_fetch*") -> 0
A41: Testable - in progress of development | C41: Fetch - all | D41: =COUNTIF(C2:C36,"*cm4_dpu_fetch*")-COUNTIFS(C2:C36,"*cm4_dpu_fetch*",D2:D36,"*N/A*")-COUNTIFS(C2:C36,"*cm4_dpu_fetch*",D2:D36,"*TBD*") -> 6 | G41: Fetch - all | H41: =COUNTIF(G2:G36,"*cm4_dpu_fetch*")-COUNTIFS(G2:G36,"*cm4_dpu_fetch*",H2:H36,"*N/A*")-COUNTIFS(G2:G36,"*cm4_dpu_fetch*",H2:H36,"*TBD*") -> 1
A42: Covered | C42: Exec - covered by tests | D42: =COUNTIFS(D2:D36,"m4_scst_*",C2:C36,"*cm4_dpu_exec*") -> 8 | G42: Exec - covered by tests | H42: =COUNTIFS(H2:H36,"m4_scst_*",G2:G36,"*cm4_dpu_exec*") -> 11
A43: FPU related (postponed) | C43: Exec - all | D43: =COUNTIF(C2:C36,"*cm4_dpu_exec*")-COUNTIFS(C2:C36,"*cm4_dpu_exec*",D2:D36,"*N/A*")-COUNTIFS(C2:C36,"*cm4_dpu_exec*",D2:D36,"*TBD*") -> 9 | G43: Exec - all | H43: =COUNTIF(G2:G36,"*cm4_dpu_exec*")-COUNTIFS(G2:G36,"*cm4_dpu_exec*",H2:H36,"*N/A*")-COUNTIFS(G2:G36,"*cm4_dpu_exec*",H2:H36,"*TBD*") -> 14
C44: Status - covered by tests | D44: =COUNTIFS(D2:D36,"m4_scst_*",C2:C36,"*cm4_dpu_status*") -> 1 | G44: Status - covered by tests | H44: =COUNTIFS(H2:H36,"m4_scst_*",G2:G36,"*cm4_dpu_status*") -> 0
C45: Status - all | D45: =COUNTIF(C2:C36,"*cm4_dpu_status*")-COUNTIFS(C2:C36,"*cm4_dpu_status*",D2:D36,"*N/A*")-COUNTIFS(C2:C36,"*cm4_dpu_status*",D2:D36,"*TBD*") -> 1 | G45: Status - all | H45: =COUNTIF(G2:G36,"*cm4_dpu_status*")-COUNTIFS(G2:G36,"*cm4_dpu_status*",H2:H36,"*N/A*")-COUNTIFS(G2:G36,"*cm4_dpu_status*",H2:H36,"*TBD*") -> 0
A48: NVIC_DPU - LSU coverage: | B48: =(D38+H38)/(D39+H39) -> 0.9375
A49: NVIC_DPU - Fetch coverage: | B49: =(D40+H40)/(D41+H41) -> 0.57142857
A50: NVIC_DPU - Exec coverage: | B50: =(D42+H42)/(D43+H43) -> 0.82608696
A51: NVIC_DPU - Status coverage: | B51: =(D44+H44)/(D45+H45) -> 1

Sheet INSTR_SET
A1: 16-bit decoder | B1: 32-bit decoder | C1: br decoder | D1: E instruction decoder | E1: simdsat signals
A2: // --------------------------------------------------------------------------- | B2: // --------------------------------------------------------------------------- | C2: wire i16_b1_de; // 16 bit B (1) | D2: // SIMD instruction formats
A3: // Signal declarations | B3: // Signal declarations | C3: wire i16_b2_de; // 16 bit B (2) | D3: wire i32_fmt3_de; // SIMD format 3 | E3: wire true_simd_valid_ex; // Multiple data operation
A4: // --------------------------------------------------------------------------- | B4: // --------------------------------------------------------------------------- | C4: wire i16_mov3_de; // 16 bit MOV | D4: wire i32_xsat16_de; // SIMD format 3 SAT | E4: wire [31:0] simd_op_a_ex; // SIMD unit operand A
A5: wire opt_ext_en; // Logic removal for extensions | B5: wire opt_ext_en; // Optimisation of extensions | C5: wire i32_bl_de; // 32 bit BL | D5: wire i32_fmt_t0_de; // SIMD format T0 | E5: wire [31:0] simd_op_b_ex; // SIMD unit operand B
A6: wire i16_adc_de; // ADC | B6: wire i32_spec_de; // Special case | C6: wire i32_b0_de; // 32 bit B (0) | D6: wire i32_fmt_t2_de; // SIMD format T2 | E6: wire normal_op_b_ex; // Select unmodified operand B
A7: wire i16_add1_de; // ADD (1) | B7: wire i32_sp_wr_de; // SP write | C7: wire instr_br_de_valid_de; // Branch decode enable | D7: wire i32_fmt_t2_0_de; // SIMD format 2, part 0 | E7: wire sign_op_b_ex; // Sign bit of operand B
A8: wire i16_add2_de; // ADD (2) | B8: wire i32_pc_wr_de; // PC write | C8: wire instr_de_br_b0_de; // Accepted B (0) | D8: wire i32_fmt_t2_1_de; // SIMD format 2, part 1 | E8: wire [31:0] data_b_op_ex; // B data before possible inversion
A9: wire i16_add3_de; // ADD (3) | B9: wire i32_pc_op_de; // Op1 = 0xF | C9: wire instr_de_br_b1_de; // Accepted B (1) | D9: wire i32_fmt_t2_1_0_de; // SIMD format 2, part 1.0 | E9: wire [31:0] fmt_data_a_ex; // Formatted A data
A10: wire i16_add4_de; // ADD (4) | B10: wire i32_fmt_0_de; // Format 0 | C10: wire instr_de_br_blx_de; // Accepted BLX | D10: wire i32_fmt_t2_1_1_de; // SIMD format 2, part 1.1 | E10: wire [31:0] fmt_data_b_ex; // Formatted B data
A11: wire i16_addpc_de; // ADD PC | B11: wire i32_adc1_de; // ADC (1) | C11: wire instr_de_br_mov_de; // Accepted MOV | D11: wire i32_fmt_t2_1_2_de; // SIMD format 2, part 1.2 | E11: wire [3:0] sign_data_a_ex; // Sign bits extracted from A data
A12: wire i16_add5_de; // ADD (5) | B12: wire i32_add1_de; // ADD (1) | C12: wire instr_de_br_de; // Decode time branch | D12: wire i32_fmt_t2_2_de; // SIMD format 2, part 2 | E12: wire [3:0] sign_data_b_ex; // Sign bits extracted from B data
A13: wire i16_add6_de; // ADD (6) | B13: wire i32_and1_de; // AND (1) | C13: wire instr_de_br_det_de; // Branch detected | D13: wire i32_fmt_t2_2_0_de; // SIMD format 2, part 2.0 | E13: wire data_size16_ex; // 1 = 16 bits, 0 = 8 bits
A14: wire i16_add7_de; // ADD (7) | B14: wire i32_bic1_de; // BIC (1) | C14: wire [3:0] instr_br_cond_de; // Branch condition code | D14: wire i32_fmt_t2_2_1_de; // SIMD format 2, part 2.1 | E14: wire signed_arith_ex; // Signed arithmetic operation
... A17: wire i16_asr2_de; // ASR (2) | B17: wire i32_eor1_de; // EOR (1) | C17: wire instr_det_erly_br_trk_we; // Track B write enable | D17: wire i32_fmt_t4_0_de; // SIMD format 4, part 0 | E17: wire invert_b_high_ex; // Invert upper half of B port data
A18: wire i16_b1_de; // B (1) | B18: wire i32_mov1_de; // MOV (1) | C18: wire instr_det_erly_br_trk_clr; // Track B write clear | E18: wire invert_b_low_ex; // Invert lower half of B port data
A19: wire i16_b2_de; // B (2) | B19: wire i32_mvn1_de; // MVN (1) | C19: reg instr_det_erly_br_trk; // Early branch detected | D19: // SIMD instructions | E19: wire addsub_op_ex; // ADDSUB, 0 = SUB/ADD, 1 = ADD/SUB
A20: wire i16_bic_de; // BIC | B20: wire i32_orn1_de; // ORN (1) | C20: wire instr_det_erly_br_trk_v; // Validated early branch detected | D20: wire i32_pkh_de; // PKHTB/PKHBT | E20: wire sub_op_ex; // Subtract operation
A21: wire i16_bkpt_de; // BKPT | B21: wire i32_orr1_de; // ORR (1) | C21: wire instr_br_ilock_de; // Branch interlock in decode | D21: wire i32_qadd_de; // QADD | E21: wire addsub_valid_ex; // ADDSUB operation valid
A22: wire i16_blx_de; // BLX | B22: wire i32_rsb1_de; // RSB (1) | C22: wire instr_br_ilock_we; // Branch interlock write enable | D22: wire i32_qadd16_de; // QADD16 | E22: wire subadd_valid_ex; // SUBADD operation valid
A23: wire i16_cmn_de; // CMN | B23: wire i32_sbc1_de; // SBC (1) | C23: reg instr_br_ilock_ex; // Branch interlock in execute | D23: wire i32_qadd8_de; // QADD8 | E23: wire sub_valid_ex; // Non ADDSUB op subtract
A24: wire i16_cmp1_de; // CMP (1) | B24: wire i32_sub1_de; // SUB (1) | C24: wire instr_br_ccpass_de; // Branch condition code passed | D24: wire i32_qasx_de; // QASX | E24: wire sat_path_valid_ex; // Path via saturation logic valid
A25: wire i16_cmp2_de; // CMP (2) | B25: wire i32_teq1_de; // TEQ (1) | C25: wire instr_ex_br_blx_de; // Execute time BLX decoded | D25: wire i32_qdadd_de; // QDADD | E25: wire sat_valid_ex; // Saturation operation valid
A26: wire i16_cmp3_de; // CMP (3) | B26: wire i32_tst1_de; // TST (1) | C26: wire instr_ex_br_czb_de; // Execute time CZB decoded | D26: wire i32_qdsub_de; // QDSUB | E26: wire [1:0] sat_size_ex; // Saturation size
A27: wire i16_cps_de; // CPS | B27: wire i32_fmt_1_de; // Format 1 | C27: wire instr_ex_br_isb_de; // Execute time ISB decoded | D27: wire i32_qsax_de; // QSAX | E27: wire sat_sign_ex; // Saturation sign
A28: wire i16_czb_de; // CZB | B28: wire i32_addw_de; // ADDW | C28: wire instr_ex_br_mov_de; // Execute time MOV decoded | D28: wire i32_qsub_de; // QSUB | E28: wire [1:0] ror_size_ex; // ROR size (none, byte, hword, word)
A29: wire i16_eor_de; // EOR | B29: wire i32_subw_de; // SUBW | C29: wire [2:0] instr_ex_br_det_de; // Execute time branch decoded | D29: wire i32_qsub16_de; // QSUB16 | E29: wire [31:0] ror_res_ex; // ROR result
A30: wire i16_it_de; // IT | B30: wire i32_fmt_2_de; // Format 2 | C30: wire instr_ex_br_det_we; // Execute time branch write enable | D30: wire i32_qsub8_de; // QSUB8 | E30: wire [31:0] ror_sign_res_ex; // Sign extended ROR result
... A66: wire i16_strb1_de; // STRB (1) | B66: wire i32_ror2_de; // ROR (2) | C66: wire [31:1] rf_pc_wr_data_de; // PC write data | D66: wire i32_usub16_de; // USUB16 | E66: wire sat16_hi_msk_valid_ex; // Upper half-word sat mask valid
A67: wire i16_strb2_de; // STRB (2) | B67: wire i32_fmt_t2_de; // Format T2 | D67: wire i32_usub8_de; // USUB8 | E67: wire sat16_hi_neg_valid_ex; // Upper half-word neg sat mask valid
A68: wire i16_strh1_de; // STRH (1) | B68: wire i32_sxth_de; // SXTH | D68: wire i32_uxtab_de; // UXTAB | E68: wire sat16_lo_a_valid_ex; // Lower half-word data A valid
A69: wire i16_strh2_de; // STRH (2) | B69: wire i32_sxtb_de; // SXTB | D69: wire i32_uxtab16_de; // UXTAB16 | E69: wire sat16_lo_msk_valid_ex; // Lower half-word sat mask valid
A70: wire i16_sub1_de; // SUB (1) | B70: wire i32_uxth_de; // UXTH | D70: wire i32_uxtah_de; // UXTAH | E70: wire sat16_lo_neg_valid_ex; // Lower half-word neg sat mask valid
A71: wire i16_sub2_de; // SUB (2) | B71: wire i32_uxtb_de; // UXTB | D71: wire i32_uxtb16_de; // UXTB16 | E71: wire [31:0] sat16_res_ex; // *SAT16 result
A72: wire i16_sub3_de; // SUB (3) | B72: wire i32_fmt_t4_de; // Format T4 | E72: wire sat16_q_res_ex; // *SAT16 Q flag result
A73: wire i16_sub4_de; // SUB (4) | B73: wire i32_rbit_de; // RBIT | D73: // MAC instruction formats | E73: wire non_simd_valid_ex; // Not true SIMD & not halving either
A74: wire i16_sxth_de; // SXTH | B74: wire i32_rev_de; // REV | D74: wire i32_fmt_f0_de; // MAC format F0 | E74: wire dbl_valid_ex; // Saturating double operation
A75: wire i16_sxtb_de; // SXTB | B75: wire i32_rev16_de; // REV16 | D75: wire i32_fmt_f0_0_de; // MAC format F0, part 0 | E75: wire dbl_oflow_pos_ex; // Doubling gave +ve dir overflow
A76: wire i16_svc_de; // SVC | B76: wire i32_revsh_de; // REVSH | D76: wire i32_fmt_f0_1_de; // MAC format F0, part 1 | E76: wire dbl_oflow_neg_ex; // Doubling gave -ve dir overflow
A77: wire i16_tst_de; // TST | B77: wire i32_clz_de; // CLZ | D77: wire i32_fmt_f0_2_de; // MAC format F0, part 2 | E77: wire dbl_no_oflow_ex; // Doubling gave no overflow
A78: wire i16_uxth_de; // UXTH | B78: wire i32_fmt_f0_de; // Format F0 | D78: wire i32_fmt_f0_3_de; // MAC format F0, part 3 | E78: wire [31:0] dbl_op_b_ex; // Data B doubled
A79: wire i16_uxtb_de; // UXTB | B79: wire i32_mul_de; // MUL | D79: wire i32_fmt_f0_4_de; // MAC format F0, part 4 | E79: wire dbl_sign_ex; // Sign of doubled result
A80: wire i16_wfe_de; // WFE | B80: wire i32_mla_de; // MLA | D80: wire i32_fmt_f0_5_de; // MAC format F0, part 5 | E80: wire [31:0] dbl_res_ex; // Doubled saturation result
A81: wire i16_wfi_de; // WFI | B81: wire i32_mls_de; // MLS | D81: wire i32_fmt_f0_6_de; // MAC format F0, part 6 | E81: wire dbl_q_res_ex; // Doubled saturation Q flag result
A82: wire i16_alu_bw_and_de; // ALU bitwise AND operation | B82: wire i32_fmt_f1_de; // Format F1 | D82: wire i32_fmt_f0_7_de; // MAC format F0, part 7 | E82: wire adder_cin1_b0_ex; // Forced carry in: input 1, byte 0
A83: wire i16_alu_bw_or_de; // ALU bitwise OR operation | B83: wire i32_umull_de; // UMULL | D83: wire i32_fmt_f1_de; // MAC format F1 | E83: wire adder_cin1_b1_ex; // Forced carry in: input 1, byte 1
A84: wire i16_alu_bw_eor_de; // ALU bitwise EOR operation | B84: wire i32_smull_de; // SMULL | D84: wire i32_fmt_f1_4_de; // MAC format F1, part 4 | E84: wire adder_cin1_b2_ex; // Forced carry in: input 1, byte 2
A85: wire i16_alu_shft_de; // ALU shift operation | B85: wire i32_fmt_f2_de; // Format F2 | D85: wire i32_fmt_f1_6_de; // MAC format F1, part 6 | E85: wire adder_cin2_b0_ex; // Forced carry in: input 2, byte 0
A86: wire i16_alu_mrs_pri_de; // ALU MRS to PRIMASK | B86: wire i32_umlal_de; // UMLAL | E86: wire adder_cin2_b1_ex; // Forced carry in: input 2, byte 1
A87: wire i16_alu_mrs_fault_de; // ALU MRS to FAULTMASK | B87: wire i32_smlal_de; // SMLAL | D87: // MAC instructions | E87: wire adder_cin2_b2_ex; // Forced carry in: input 2, byte 2
A88: wire i16_alu_mov_norm_de; // ALU MOV | B88: wire i32_div_de; // SDIV/UDIV | D88: wire i32_mla_de; // MLA | E88: wire simd_16bit_valid_ex; // True 16 bit SIMD operation
A89: wire i16_alu_mov_rev_de; // ALU REV | B89: wire i32_udiv_de; // UDIV | D89: wire i32_mls_de; // MLS | E89: wire simd_8bit_valid_ex; // True 8 bit SIMD operation
A90: wire i16_alu_mul_de; // ALU MUL | B90: wire i32_sdiv_de; // SDIV | D90: wire i16_mul_de; // MUL (T1) | E90: wire [1:0] sign_oflow_b0_ex; // Overflow required for byte 0
A91: wire [4:0] i16_alu_type; // ALU operation type | B91: wire i32_bl_de; // Unconditional B/BL | D91: wire i32_mul_de; // MUL (T2) | E91: wire [1:0] sign_oflow_b1_ex; // Overflow required for byte 1
A92: wire [1:0] i16_flag_wr_de; // ALU flag writes | B92: wire i32_b0_de; // Conditional B | D92: wire i32_smlaxy_de; // SMLABB, SMLABT, SMLATB, SMLATT | E92: wire [1:0] sign_oflow_b2_ex; // Overflow required for byte 2
A93: wire i16_alu_invert_in1; // ALU invert input 1 | B93: wire [3:0] i32_ls_sls_de; // Load/store single (Size Load Sign) | D93: wire i32_smlady_de; // SMLAD, SMLADX | E93: wire [1:0] sign_oflow_b3_ex; // Overflow required for byte 3
A94: wire i16_alu_invert_in2; // ALU invert input 2 | B94: wire i32_hint_de; // HINT/PLD | D94: wire i32_smlal_de; // SMLAL | E94: wire [3:0] sub_mask_ex; // Sub mask for unsigned MSB creation
A95: wire i16_use_adder1; // ALU use adder input 1 | B95: wire i32_ldrsb_de; // LDRSB | D95: wire i32_smlalxy_de; // SMLALBB, SMLALBT, SMLALTB, SMLALTT | E95: wire [34:0] adder_in1_ex; // Adder input 1 based on fmt A data
A96: wire i16_use_adder2; // ALU use adder input 2 | B96: wire i32_ls_fmt0_de; // Load/store format 0 | D96: wire i32_smlaldy_de; // SMLALD, SMLALDX | E96: wire [34:0] adder_in2_ex; // Adder input 2 based on fmt B data
A97: wire [1:0] i16_shft_ctl; // ALU shifter control | B97: wire i32_ls_fmt1_de; // Load/store format 1 | D97: wire i32_smlawy_de; // SMLAWB, SMLAWT | E97: wire adder_cin_ex; // Adder carry in
A98: wire [1:0] i16_shiftin1_sel; // ALU shifter input 1 select | B98: wire i32_ls_fmt2_de; // Load/store format 2 | D98: wire i32_smlsdy_de; // SMLSD, SMLSDX | E98: wire [35:0] adder_res_ex; // Result direct from adder
... A112: wire instr_16_wfi_de; // Instruction is a WFI | B112: wire i32_copro_de; // Coprocessor instruction | D112: wire i32_usada8_de; // USADA8 | E112: wire [31:0] uhalv8_res_ex; // 8-bit unsigned halving result
A113: wire instr_16_undef_de; // Instruction is UNDEF | B113: wire i32_wfe_de; // WFE | E113: wire [3:0] sat_signed_neg_ex; // Negative signed saturation
A114: wire instr_16_txev_de; // Instruction is a SEV | B114: wire i32_wfi_de; // WFI | E114: wire [3:0] sat_signed_pos_ex; // Positive signed saturation
A115: wire [1:0] instr_16_pc_lr_de; // Link LR into PC | B115: wire i32_sev_de; // SEV | E115: wire [3:0] sat_unsigned_neg_ex; // Negative unsigned saturation
A116: wire instr_16_br_t_changer_de; // Branch changes T bit | B116: wire i32_nop_de; // NOP | E116: wire [3:0] sat_unsigned_pos_ex; // Positive unsigned saturation
A117: wire instr_16_czb_de; // Instruction is a CZB | B117: wire i32_mxx_de; // MSR/MRS | E117: wire [3:0] sat_neg_res_ex; // Negative saturation result
A118: wire instr_16_alu_1_cyc_de; // ALU operation will take 1 cycle | B118: wire i32_msr_de; // MSR | E118: wire [3:0] sat_pos_res_ex; // Negative saturation result
A119: wire instr_16_flg_set_de; // Can set flags in IT | B119: wire i32_mrs_de; // MRS | E119: wire [3:0] sign_pos_res_ex; // Adder/carry out result is positive
A120: wire instr_16_it_de; // Instruction is a IT | B120: wire i32_xxb_de; // ISB/DSB/DMB | E120: wire [3:0] ge_8bit_res_ex; // 8 bit GE flag result
A121: wire [2:0] instr_16_cps_ctl_de; // CPS control | B121: wire i32_dmb_de; // DMB | E121: wire [3:0] ge_16bit_res_ex; // 16 bit GE flag result
A122: wire [1:0] instr_16_data_size_de; // Data size | B122: wire i32_dsb_de; // DSB | E122: wire [3:0] ge_res_ex; // SIMD GE bits result
A123: wire instr_16_sign_de; // Signed operation or sign extend | B123: wire i32_isb_de; // ISB | E123: wire [31:0] e_simd_res_ex; // Final SIMD unit result
A124: wire instr_16_exit_op_de; // Valid exit instruction | B124: wire i32_div_mask_de; // DIV unpredictable mask | E124: wire e_simd_q_set_ex; // Final SIMD q bit set
A125: wire instr_16_algn_de; // Align data | B125: wire i32_mul_mask_de; // MUL unpredictable mask | E125: wire [3:0] e_simd_ge_res_ex; // Final SIMD GE bits result
A126: wire instr_16_bkpt_de; // Instruction is a BKPT | B126: wire instr_32_mla_de; // MLA
A127: wire instr_16_svc_de; // Instruction is a SVC | B127: wire i32_alu_bfx_de; // ALU BFX
A128: wire [3:0] instr_16_cond_code_de; // Condition code | B128: wire i32_alu_bf_de; // ALU bitfield op
A129: wire instr_16_noncc_br_de; // Non-conditional branch | B129: wire i32_alu_sat_de; // ALU saturation op
A130: wire instr_16_rd_a_en_de; // RF A port read enable | B130: wire i32_alu_clz_de; // ALU CLZ
A131: wire instr_16_rd_b_en_de; // RF B port read enable | B131: wire i32_alu_bw_and_de; // ALU bitwise AND
A132: wire instr_16_wr_d_en_de; // RF D port write enable | B132: wire i32_alu_bw_or_de; // ALU bitwise OR
A133: wire [18:0] reg_addr_sel_de; // RF address mux select | B133: wire i32_alu_bw_eor_de; // ALU bitwise EOR
A134: wire [3:0] instr_16_lsu_rd_a_addr_de; // RF A port read address for LSU | B134: wire i32_alu_shft_de; // ALU op requires shift
A135: wire [3:0] instr_16_lsu_rd_b_addr_de; // RF B port read address for LSU | B135: wire i32_alu_msr_flag_de; // ALU MSR flag write
A136: wire [3:0] instr_16_lsu_wr_d_addr_de; // RF D port write address for LSU | B136: wire i32_alu_mrs_de; // ALU predictable MRS
A137: wire [3:0] instr_16_rd_a_addr_de; // RF A port read address | B137: wire i32_alu_mrs_ctl_de; // ALU MRS control
... A143: wire [31:0] instr_16_lsm_immed_de; // LSM immediate value | B143: wire i32_alu_mrs_sp_de; // ALU MRS to SP
B144: wire i32_alu_mrs_unpred_de; // ALU MRS unpredictable
A145: //---------------------------------------------------------------------------- | B145: wire i32_alu_mov_norm_de; // ALU move
A146: // Extensions logic tie off | B146: wire i32_alu_mov_rbit_de; // ALU RBIT
A147: //---------------------------------------------------------------------------- | B147: wire i32_alu_mov_rev_de; // ALU REV
A148: assign opt_ext_en = (EXT_PRESENT == 1) ? 1'b1 : 1'b0; | B148: wire i32_alu_mov_movt_de; // ALU MOVT
B149: wire i32_alu_div_de; // ALU SDIV/UDIV
A150: // --------------------------------------------------------------------------- | B150: wire i32_alu_mlal_de; // ALU SMLAL/UMLAL
A151: // 16 bit thumb opcode decode | B151: wire i32_alu_mull_de; // ALU SMULL/UMULL
A152: // --------------------------------------------------------------------------- | B152: wire i32_alu_mul_de; // ALU MUL
A153: assign i16_adc_de = (instr_de_i[15:6] == 10'b0100000101); | B153: wire i32_alu_mla_de; // ALU MLA
A154: assign i16_add1_de = (instr_de_i[15:9] == 7'b0001110) & (|instr_de_i[8:6]); | B154: wire i32_alu_mls_de; // ALU MLS
A155: assign i16_add2_de = (instr_de_i[15:11] == 5'b00110); | B155: wire [4:0] i32_alu_type; // ALU operation type
...

Sheet lsu_estimation
A1: LSU internal wires | B1: Checked explicitly?
A2: wire instr_excl_ex; // Instruction is an exclusive | B2: Yes | C2: Input and output ports the corresponding wire is connected to, might be considered.
A3: wire [15:0] instr_lsu_ctl_ex; // LSU unit control (Ex) | B3: Yes
A4: wire instr_lsm_baseinlist_ex; // LSM has base in list | B4: Yes
A5: wire lsu_valid_ex; // LSU op is valid | B5: Yes
A6: wire [5:0] lsu_state_ex; // LSU state | B6: Yes
A7: wire lsu_active_ex; // LSU is active | B7: Yes
A8: wire lsu_sp_wb_ex; // LSU SP WB | B8: Yes
A9: wire lsu_stall_ex; // LSU stall pipe | B9: No
A10: wire lsu_stall_late_ex; // LSU very late stall | B10: No
A11: wire [1:0] lsu_lsm_base_status_ex; // LSM base in list status | B11: Yes
A12: wire lsm_fpu_brestore_ex; // Restore base for FP LSM | B12: TBD
A13: wire [4:0] lsu_nxt_lsm_fpu_ex; // Next LSM register number for FPU | B13: TBD
A14: wire [4:0] lsu_lsm_reg_ex; // Current LSM register number | B14: Yes
... A34: wire [31:0] lsu_nxt_fpcar; // Next FPCAR | B34: TBD
A35: wire lsu_pflush_ex; // LSU pipe flush | B35: No | C35: See, RTL "LSU pipe flush for double faults"
A36: wire lsu_fix_pc_ex; // LSU requires PC fix | B36: No | C36: See, RTL "LSU request for PC adjustment"
A37: wire lsu_mcyc_invk_msk_ex; // Mask intinvoke for multi-cycle op | B37: No | C37: See, RTL "Signals to deal with disabling interrupt multi-cycle operations"
A38: wire lsu_ahb_invk_msk; // Mask interrupts for const AHB | B38: No
A39: wire lsu_mcyc_ilock_ex; // Multi-cycle op interlock | B39: No
A40: wire lsu_dbl_fault_ex; // LSU double fault detected | B40: No
A41: wire [4:0] lsu_fp_ls_rf_addr_ex; // FPU RF address | B41: TBD
A42: wire [31:0] lsu_fpu_rd_data_ex; // Data to FPU | B42: TBD
A43: wire lsu_will_wr_rf_ex; // LSU will write to RF imminently | B43: Yes
A44: wire lsu_rf_rd_a_en_ex; // LSU RF A port read enable | B44: Yes
A45: wire lsu_rf_rd_a_en_fast_ex; // LSU RF A port read enable (fast) | B45: Yes
A46: wire [3:0] lsu_rf_rd_a_addr_ex; // LSU RF A port read address | B46: Yes
A47: wire lsu_rf_wr_d_en_ex; // LSU RF D port write enable | B47: Yes
A48: wire lsu_rf_wr_d_en_fast_ex; // LSU RF D port write enable (fast) | B48: Yes
A49: wire [3:0] lsu_rf_wr_d_addr_ex; // LSU RF D port write address | B49: Yes
... A83: wire [10:0] fault_lsu_ex; // Collection of LSU faults | B83: Yes
A84: wire dbg_ctrl_wr_ex; // Debug write to special control | B84: N/A | C84: Debug
A85: wire dbg_wr_isr; // Debug write to ISR number | B85: N/A | C85: Debug
A86: wire dbg_ready; // Debug register transfer ready | B86: N/A | C86: Debug
A89: Non-testable (safety-irrelevant)
A90: Non-testable (safety-relevant)
A91: Testable - in progress of development
A92: Covered
A93: FPU related (postponed)
A96: coverage estimation | B96: =COUNTIF(B2:B86,"Yes")/(COUNTIF(B2:B86,"*")-COUNTIF(B2:B86,"N/A*")-COUNTIF(B2:B86,"TBD*")) -> 0.85526316

Sheet fetch_estimation
A1: "Fetch" module internal wires | B1: Checked explicitly?
A2: wire instr_valid_fe; // Instruction in fetch is valid | B2: Yes | C2: Input and output ports the corresponding wire is connected to, might be considered.
A3: wire instr_word_present_fe; // Word present in fetch buffer | B3: Yes
A4: wire instr_stop_adv_fe; // Stop decode time advance | B4: No
A5: wire [1:0] instr_fault_fe; // Instruction in fetch has faulted | B5: No
A6: wire instr_ext_pflush_fe; // External event caused pipe flush | B6: Yes
A7: wire [31:0] instr_de; // Instruction in decode | B7: Yes
A8: wire int_vector_err_fe; // Vector fetch error | B8: No
A9: wire int_vector_fault; // Vector fetch fault | B9: No
A10: wire int_first_instr_valid; // 1st instr ready for entry/return | B10: Yes
A11: wire rf_wr_d_en_fe; // Fetch RF D port write enable | B11: Yes
A12: wire [3:0] rf_wr_d_addr_fe; // Fetch RF D port write address | B12: Yes
A13: wire [31:0] rf_wr_d_data_fe; // Fetch RF D port write data | B13: Yes
A14: wire [1:0] ahb_htransi; // AHB I-side HTRANS | B14: Yes
... A22: wire fe_haddracci; // Fetch version of HADDRACCI | B22: No
A24: Non-testable (safety-irrelevant)
A25: Non-testable (safety-relevant)
A26: Testable - in progress of development
A27: Covered
A28: FPU related (postponed)
A30: Fetch coverage estimation: | B30: =COUNTIF(B2:B22,"Yes")/COUNTIF(B2:B22,"*") -> 0.76190476

Sheet exec_estimation
A1: "Exec" module internal wires | B1: Checked explicitly?
A2: wire full_hreset_n; // Always reset signal | B2: N/A | C2: Input and output ports the corresponding wire is connected to, might be considered.
A3: wire [31:0] opt_instr_ex; // Optimised instruction in execute | B3: No
A4: wire opt_ext_en; // Ext logic removal | B4: No
A5: wire opt_fpu_en; // FPU logic removal | B5: TBD
A6: wire opt_obs_en; // Observation logic removal | B6: No
A7: wire [2:0] instr_br_pflush_ex; // Branch pipeline flush | B7: Yes
A8: wire instr_dp_pflush_ex; // DP op pipeline flush | B8: Yes
A9: wire rst_pc_valid_ex_we; // PC reset vector fetch write enable | B9: N/A
A10: reg rst_pc_valid_ex; // PC reset vector fetch completed | B10: N/A
A11: reg instr_algn_ex; // Align data | B11: No
A12: reg [1:0] instr_barrier_ex; // Instruction is a barrier | B12: Yes
A13: reg instr_br_t_changer_ex; // Branch changes T bit | B13: Yes
A14: reg instr_czb_ex; // Instruction is CZB | B14: Yes
... A166: reg frc_context_ex; // Force valid FPU context | B166: TBD
A170: Non-testable (safety-irrelevant)
A171: Non-testable (safety-relevant)
A172: Testable - in progress of development
A173: Covered
A174: FPU related (postponed)
A177: Exec coverage estimation: | B177: =COUNTIF(B2:B166,"Yes")/(COUNTIF(B2:B166,"*")-COUNTIF(B2:B166,"N/A*")-COUNTIF(B2:B166,"TBD*")) -> 0.592

Sheet status_estimation
A1: "Status" module internal wires | B1: Checked explicitly?
A2: wire opt_ext_en; // Logic removal for extensions | B2: TBD | C2: Input and output ports the corresponding wire is connected to, might be considered.
A3: wire opt_fpu_en; // Logic removal for FPU | B3: TBD
A4: wire instr_it_de; // IT in decode | B4: Yes
A5: wire instr_it_valid_de; // IT decoded | B5: Yes
A6: reg instr_itflgscc_ex; // Flag setting cc pass in IT block | B6: Yes
A7: reg [3:0] instr_cond_code_ex; // Instruction condition code | B7: Yes
A8: reg instr_itfccpass_ex; // IT folded onto CC passing instr | B8: Yes
A9: reg instr_itfnonit_ex; // IT folded onto non IT block | B9: Yes
A10: wire instr_it_valid_we; // IT valid write enable | B10: Yes
A11: wire nxt_instr_it_valid_ex; // Next IT valid | B11: Yes
A12: reg instr_it_valid_ex; // IT in execute | B12: Yes
A13: wire t_bit_br_ex; // Branch T bit write enable | B13: Yes
A14: wire psr_t_we; // T bit write enable | B14: Yes
... A77: wire instr_ccpass_ex; // Condition code pass (Ex) | B77: Yes
A80: Non-testable (safety-irrelevant)
A81: Non-testable (safety-relevant)
A82: Testable - in progress of development
A83: Covered
A84: FPU related (postponed)
A87: Status coverage estimation: | B87: =COUNTIF(B2:B77,"Yes")/(COUNTIF(B2:B77,"*")-COUNTIF(B2:B77,"*TBD*")-COUNTIF(B2:B77,"*N/A*")) -> 0.85714286

Sheet Core Modules Mapping
B1: Taken from file: /home/r09115/copperhead_local/testcase_db/data/z6e/coverage_analysis_reports/z6e.mtcr.fdom
A3: Core module name (from "DC estimation") | B3: Core module name | C3: Num of stuck-at faults on gate ports | D3: Module overall size | E3: Module relative size | F3: Module coverage from sheet "DC estimation" | G3: Module relative size x Module coverage
A6: 32-bit Arithmetic Unit | B6: testbench.top.z6e_cpu.cpu_dpath.ad_adder_lower | C6: 1918 | D6: =SUM(C6:C7) -> 3734 | E6: =D6/$C$71 -> 0.0071404122 | F6: ='DC Estimation'!#REF!/100 -> #REF! | G6: =E6*F6 -> #REF!
B7: testbench.top.z6e_cpu.cpu_dpath.ad_adder_upper | C7: 1816
A9: 32-bit Logical Unit | B9: testbench.top.z6e_cpu.cpu_dpath.lg_logical_lower | C9: 1646 | D9: =SUM(C9:C10) -> 3268 | E9: =D9/$C$71 -> 0.0062492949 | F9: ='DC Estimation'!#REF!/100 -> #REF! | G9: =E9*F9 -> #REF!
B10: testbench.top.z6e_cpu.cpu_dpath.lg_logical_upper | C10: 1622
A12: 32-bit Barrel Shifter | B12: testbench.top.z6e_cpu.cpu_dpath.sh_shifter_lower | C12: 8654 | D12: =SUM(C12:C13) -> 17060 | E12: =D12/$C$71 -> 0.032623308 | F12: ='DC Estimation'!#REF!/100 -> #REF! | G12: =E12*F12 -> #REF!
B13: testbench.top.z6e_cpu.cpu_dpath.sh_shifter_upper | C13: 8406
A15: 32-bit Mask Insertion Unit (MIU) | B15: testbench.top.z6e_cpu.cpu_dpath.bm_bit_mask | C15: 6496 | D15: =C15 -> 6496 | E15: =D15/$C$71 -> 0.012422099 | F15: ='DC Estimation'!#REF!/100 -> #REF! | G15: =E15*F15 -> #REF!
A17: Integer select APU | B17: testbench.top.z6e_cpu.cpu_dpath.is_isel_lower | C17: 460 | D17: =SUM(C17:C18) -> 924 | E17: =D17/$C$71 -> 0.0017669365 | F17: ='DC Estimation'!#REF!/100 -> #REF! | G17: =E17*F17 -> #REF!
B18: testbench.top.z6e_cpu.cpu_dpath.is_isel_upper | C18: 464
A20: 32-bit Count Leading Zero’s Unit (CLZ) | B20: testbench.top.z6e_cpu.cpu_dpath.cz_cntzero_lower | C20: 1044 | D20: =SUM(C20:C21) -> 2026 | E20: =D20/$C$71 -> 0.0038742568 | F20: ='DC Estimation'!#REF!/100 -> #REF! | G20: =E20*F20 -> #REF!
B21: testbench.top.z6e_cpu.cpu_dpath.cz_cntzero_upper | C21: 982
A23: 3-bit Parallel Divider | B23: testbench.top.z6e_cpu.cpu_dpath.dv_divider | C23: 29837 | D23: =C23 -> 29837 | E23: =D23/$C$71 -> 0.057056368 | F23: ='DC Estimation'!#REF!/100 -> #REF! | G23: =E23*F23 -> #REF!
A25: Pipelined 32x32 Hardware Multiplier array | B25: testbench.top.z6e_cpu.cpu_dpath.zmac | C25: 117822 | D25: =C25 -> 117822 | E25: =D25/$C$71 -> 0.22530735 | F25: ='DC Estimation'!#REF!/100 -> #REF! | G25: =E25*F25 -> #REF!
A27: Condition Register Manipulation Unit (CRU) | B27: estbench.top.z6e_cpu.cpu_dpath.cr_cndreg_mux | C27: 5930 | D27: =C27 -> 5930 | E27: =D27/$C$71 -> 0.011339755 | F27: ='DC Estimation'!#REF!/100 -> #REF! | G27: =E27*F27 -> #REF!
A29: Load / Store Unit | B29: testbench.top.z6e_cpu.cpu_dpath.ld_mux | C29: 7608 | D29: =SUM(C29:C30) -> 13928 | E29: =D29/$C$71 -> 0.026634082 | F29: ='DC Estimation'!#REF!/100 -> #REF! | G29: =E29*F29 -> #REF!
B30: testbench.top.z6e_cpu.cpu_dpath.st_mux | C30: 6320
A32: Decorated Memory Storage Controller (DMSC) | B32: (doesn not exist in z6e core, size is guessed) | C32: 12000 | D32: =C32 -> 12000 | E32: =D32/$C$71 -> 0.022947227 | F32: ='DC Estimation'!#REF!/100 -> #REF! | G32: =E32*F32 -> #REF!
A34: Data path multiplexors | B34: testbench.top.z6e_cpu.cpu_dpath.cm_zd_cmux_rmux | C34: 16714 | D34: =SUM(C34:C42) -> 104817 | E34: =D34/$C$71 -> 0.20043829 | F34: ='DC Estimation'!#REF!/100 -> #REF! | G34: =E34*F34 -> #REF!
B35: testbench.top.z6e_cpu.cpu_dpath.rf_memblock.rf_mem_mux | C35: 59298
B36: testbench.top.z6e_cpu.cpu_dpath.op0a_mux | C36: 3884
B37: testbench.top.z6e_cpu.cpu_dpath.op0b_mux | C37: 4552
B38: testbench.top.z6e_cpu.cpu_dpath.op1_mux | C38: 7182
B39: testbench.top.z6e_cpu.cpu_dpath.op2_mux | C39: 4576
B40: testbench.top.z6e_cpu.cpu_dpath.op3a_mux | C40: 3064
B41: testbench.top.z6e_cpu.cpu_dpath.op3b_mux | C41: 3195
B42: testbench.top.z6e_cpu.cpu_dpath.op4_mux | C42: 2352
H44: Estimated achieved coverage
A45: CPU Register File | B45: testbench.top.z6e_cpu.cpu_dpath.rf_memblock.rf_general_registers | C45: 43878 | D45: =SUM(C45:C48) -> 68769 | E45: =D45/$C$71 -> 0.13150482 | F45: ='DC Estimation'!#REF!/100 -> #REF! | G45: =E45*F45 -> #REF! | H45: 0.99 | I45: =C45*H45 -> 43439.22 | J45: =SUM(I45:I48) -> 49158.42 | K45: =SUM(C45:C48) -> 68769 | L45: =J45/K45 -> 0.71483401
B46: testbench.top.z6e_cpu.cpu_dpath.rf_memblock.rf_exception_registers | C46: 9532 | H46: 0.6 | I46: =C46*H46 -> 5719.2
B47: testbench.top.z6e_cpu.cpu_dpath.rf_memblock.rf_control_registers | C47: 12649 | H47: 0 | I47: =C47*H47 -> 0
B48: testbench.top.z6e_cpu.cpu_dpath.spr_interface | C48: 2710 | H48: 0 | I48: =C48*H48 -> 0
A50: Instruction decoder | B50: testbench.top.z6e_cpu.cpu_control.dc_decoder | C50: 23477 | D50: =SUM(C50:C55) -> 74960 | E50: =D50/$C$71 -> 0.14334368 | F50: ='DC Estimation'!#REF!/100 -> #REF! | G50: =E50*F50 -> #REF!
A51: Instruction counter | B51: estbench.top.z6e_cpu.cpu_dpath.ir_inst_reg | C51: 27185
A52: Instruction buffer | B52: testbench.top.z6e_cpu.cpu_control.fc_fetch_control | C52: 7314
B53: testbench.top.z6e_cpu.cpu_control.ib_control | C53: 4516
B54: testbench.top.z6e_cpu.cpu_control.il_interlock | C54: 10953
B55: testbench.top.z6e_cpu.cpu_control.lsc_control | C55: 1515
A57: Branch control | B57: testbench.top.z6e_cpu.cpu_control.brc_control | C57: 948 | D57: =SUM(C57:C67) -> 52378 | E57: =D57/$C$71 -> 0.10016082 | F57: ='DC Estimation'!#REF!/100 -> #REF! | G57: =E57*F57 -> #REF!
B58: testbench.top.z6e_cpu.cpu_dpath.ag_address_gen | C58: 45990
B59: testbench.top.z6e_cpu.cpu_dpath.ag_address_gen.ag_pc_bus_reg | C59: 352
B60: testbench.top.z6e_cpu.cpu_dpath.ag_address_gen.btb_entry0_reg | C60: 636
B61: testbench.top.z6e_cpu.cpu_dpath.ag_address_gen.btb_entry1_reg | C61: 636
B62: testbench.top.z6e_cpu.cpu_dpath.ag_address_gen.btb_entry2_reg | C62: 636
B63: testbench.top.z6e_cpu.cpu_dpath.ag_address_gen.btb_entry3_reg | C63: 636
B64: testbench.top.z6e_cpu.cpu_dpath.ag_address_gen.btb_entry4_reg | C64: 636
B65: testbench.top.z6e_cpu.cpu_dpath.ag_address_gen.btb_entry5_reg | C65: 636
B66: testbench.top.z6e_cpu.cpu_dpath.ag_address_gen.btb_entry6_reg | C66: 636
B67: testbench.top.z6e_cpu.cpu_dpath.ag_address_gen.btb_entry7_reg | C67: 636
A69: Exception Control | B69: testbench.top.z6e_cpu.cpu_control.ec_exception_control | C69: 8990 | D69: =C69 -> 8990 | E69: =D69/$C$71 -> 0.017191298 | F69: ='DC Estimation'!#REF!/100 -> #REF! | G69: =E69*F69 -> #REF!
C71: =SUM(C6:C69) -> 522939 | E71: =SUM(E6:E69) -> 1 | G71: =SUM(G6:G69) -> #REF!
