Workbook

Sheet Revision History
A3: Cortex-M4 Structural Core Self Test Library
A4: Safety Analysis
A6: Date: 14-Jan-2020 | F6: Confidential Proprietary
A8: The document was prepared using best effort. The authors make no warranty of any kind and shall not be liable in any event for incidental or consequential damages in connection with the application of the document.
A10: History of change
A11: Document revision | B11: Date | C11: Author's name | D11: Description
A12: 1 | B12: 1 Mar, 2016 | C12: Roman Chovanec | D12: Updated for RTM release
A13: 1.1 | B13: 12 Oct, 2016 | C13: Roman Chovanec | D13: Changed logo and copyright
A14: 2 | B14: 14 Jan, 2020 | C14: Roman Chovanec | D14: Updated Software FMEA.
A16: Copyright 2016,2020 NXP

Sheet Software FMEA
A1: SFMEA | I1: Product Name: | Q1: Helper columns
C2: Software Failure Mode and Effect Analysis | I2: M4 Structural Core Self Test Library (M4 SCST)
I3: Created by:
I4: Roman Chovanec
A5: 1. Function / Element | C5: 2. Failure Mode | E5: 3. Cause of a Failure | G5: 4. Local Effect | I5: 5. Application / System Effect | L5: 6. Detection / Prevention Mechanism
A7: 1.
A8: Providing required (claimed) diagnostic coverage | C8: SCST Library is not invoked, or executed incorrectly | E8: HW fault causing incorrect invocation of the SCST Library e.g. not-existing test, wrong test or wrong range of tests are passed to the M4 SCST Library. | G8: M4 SCST Library retrieves incorrect address (non-existing test, other test) from the array and passes execution control to that address. | I8: The "OK" result is returned to the application even if a fault was detected or a different than requested set of tests was executed. Violates safety requirement SC_SCST_Req01. | L8: Every test shall return a unique 32-bit result which can be used for differentiating correct and erroneous test execution. (REQ_M4_SCST_05) | Q8: =IF(ISBLANK($L8),FALSE,ISNA(VLOOKUP($L8,'Requirements derivation'!$A$2:$A$193,1,FALSE))) -> FALSE | R8: =IF(ISBLANK($L8),FALSE,(ISBLANK(VLOOKUP($L8,'Requirements derivation'!$A$2:$B$193,2,FALSE)))) -> FALSE | S8: =IF(ISBLANK($L8),FALSE,(ISBLANK(VLOOKUP($L8,'Requirements derivation'!$A$2:$C$193,3,FALSE)))) -> FALSE
L9: The SCST library shall return an aggregated 32-bit result of all the tests requested for execution if none of the tests fails. The aggregation shall be done by the means of XOR operation. (REQ_M4_SCST_06) | Q9: =IF(ISBLANK($L9),FALSE,ISNA(VLOOKUP($L9,'Requirements derivation'!$A$2:$A$193,1,FALSE))) -> FALSE | R9: =IF(ISBLANK($L9),FALSE,(ISBLANK(VLOOKUP($L9,'Requirements derivation'!$A$2:$B$193,2,FALSE)))) -> FALSE | S9: =IF(ISBLANK($L9),FALSE,(ISBLANK(VLOOKUP($L9,'Requirements derivation'!$A$2:$C$193,3,FALSE)))) -> FALSE
L10: Application should use aggregated test result for making test completion and test passed/test failed decision. Safety measure is expected to be implemented on application side. | Q10: =IF(ISBLANK($L10),FALSE,ISNA(VLOOKUP($L10,'Requirements derivation'!$A$2:$A$193,1,FALSE))) -> FALSE | R10: =IF(ISBLANK($L10),FALSE,(ISBLANK(VLOOKUP($L10,'Requirements derivation'!$A$2:$B$193,2,FALSE)))) -> FALSE | S10: =IF(ISBLANK($L10),FALSE,(ISBLANK(VLOOKUP($L10,'Requirements derivation'!$A$2:$C$193,3,FALSE)))) -> FALSE
L11: If application requests multiple tests for execution, the tests should be grouped in the way that aggregated result for each group of tests is unique.Safety measure is expected to be implemented on application side. | Q11: =IF(ISBLANK($L11),FALSE,ISNA(VLOOKUP($L11,'Requirements derivation'!$A$2:$A$193,1,FALSE))) -> FALSE | R11: =IF(ISBLANK($L11),FALSE,(ISBLANK(VLOOKUP($L11,'Requirements derivation'!$A$2:$B$193,2,FALSE)))) -> FALSE | S11: =IF(ISBLANK($L11),FALSE,(ISBLANK(VLOOKUP($L11,'Requirements derivation'!$A$2:$C$193,3,FALSE)))) -> FALSE
L12: Use watchdog timer or any other timing facilities for detecting longer execution time of the SCST library. Safety measure is expected to be implemented on application side. | Q12: =IF(ISBLANK($L12),FALSE,ISNA(VLOOKUP($L12,'Requirements derivation'!$A$2:$A$193,1,FALSE))) -> FALSE | R12: =IF(ISBLANK($L12),FALSE,(ISBLANK(VLOOKUP($L12,'Requirements derivation'!$A$2:$B$193,2,FALSE)))) -> FALSE | S12: =IF(ISBLANK($L12),FALSE,(ISBLANK(VLOOKUP($L12,'Requirements derivation'!$A$2:$C$193,3,FALSE)))) -> FALSE
C13: M4 SCST Library imitates execution of a test or ignores its actual result and just returns its expected result taken from the internal array. | E13: HW fault. | G13: - | I13: Core logic is not tested within diagnostic test interval Violates safety requirement SC_SCST_Req01. | L13: The SCST library shall not store correct result of the tests in direct form. The reference test results, stored in internal array, shall be derived from a test execution result produced in a fault-free case by applying a non-trivial transformation function. (REQ_M4_SCST_07) | Q13: =IF(ISBLANK($L13),FALSE,ISNA(VLOOKUP($L13,'Requirements derivation'!$A$2:$A$193,1,FALSE))) -> FALSE | R13: =IF(ISBLANK($L13),FALSE,(ISBLANK(VLOOKUP($L13,'Requirements derivation'!$A$2:$B$193,2,FALSE)))) -> FALSE | S13: =IF(ISBLANK($L13),FALSE,(ISBLANK(VLOOKUP($L13,'Requirements derivation'!$A$2:$C$193,3,FALSE)))) -> FALSE
C14: M4 SCST Library returns control to the wrong place of application code. | E14: HW fault during execution of the M4 SCST Library, stack corruption due to a HW fault. | G14: - | I14: User application does not receive M4 SCST Library tests result and puts the device into an unexpected state. Violates safety requirement SC_SCST_Req01 and SC_SCST_Req02. | L14: Use of control flow monitoring or other measures for detecting incorrect return from the SCST library. Safety measure is expected to be implemented on application side. | Q14: =IF(ISBLANK($L14),FALSE,ISNA(VLOOKUP($L14,'Requirements derivation'!$A$2:$A$193,1,FALSE))) -> FALSE | R14: =IF(ISBLANK($L14),FALSE,(ISBLANK(VLOOKUP($L14,'Requirements derivation'!$A$2:$B$193,2,FALSE)))) -> FALSE | S14: =IF(ISBLANK($L14),FALSE,(ISBLANK(VLOOKUP($L14,'Requirements derivation'!$A$2:$C$193,3,FALSE)))) -> FALSE
C15: SCST Library detects hardware fault but it is masked during the process of result propagation to the application | E15: HW fault during execution of the M4 SCST Library. | G15: - | I15: The result of SCST execution is not properly reported; the real coverage doesn't correspond to the claimed one. Violates safety requirement SC_SCST_Req01. | L15: The SCST library shall return control and execution result of the first failed test out of the requested for execution set of test (REQ_M4_SCST_03). | Q15: =IF(ISBLANK($L15),FALSE,ISNA(VLOOKUP($L15,'Requirements derivation'!$A$2:$A$193,1,FALSE))) -> FALSE | R15: =IF(ISBLANK($L15),FALSE,(ISBLANK(VLOOKUP($L15,'Requirements derivation'!$A$2:$B$193,2,FALSE)))) -> FALSE | S15: =IF(ISBLANK($L15),FALSE,(ISBLANK(VLOOKUP($L15,'Requirements derivation'!$A$2:$C$193,3,FALSE)))) -> FALSE
L16: Tests shall be implemented in the way to avoid or minimize possible fault masking (REQ_M4_SCST_15, REQ_M4_SCST_16). | Q16: =IF(ISBLANK($L16),FALSE,ISNA(VLOOKUP($L16,'Requirements derivation'!$A$2:$A$193,1,FALSE))) -> FALSE | R16: =IF(ISBLANK($L16),FALSE,(ISBLANK(VLOOKUP($L16,'Requirements derivation'!$A$2:$B$193,2,FALSE)))) -> FALSE | S16: =IF(ISBLANK($L16),FALSE,(ISBLANK(VLOOKUP($L16,'Requirements derivation'!$A$2:$C$193,3,FALSE)))) -> FALSE
A17: 2. | Q17: =IF(ISBLANK($L17),FALSE,ISNA(VLOOKUP($L17,'Requirements derivation'!$A$2:$A$193,1,FALSE))) -> FALSE | R17: =IF(ISBLANK($L17),FALSE,(ISBLANK(VLOOKUP($L17,'Requirements derivation'!$A$2:$B$193,2,FALSE)))) -> FALSE | S17: =IF(ISBLANK($L17),FALSE,(ISBLANK(VLOOKUP($L17,'Requirements derivation'!$A$2:$C$193,3,FALSE)))) -> FALSE
A18: Execution of SCST Library general | C18: M4 SCST Library corrupts core registers including stack pointer. | E18: Core HW fault during execution of the SCST Library. | G18: Incorrect functioning of M4 SCST Library tests. | I18: Incorrect functioning of application. Violates safety requirement SC_SCST_Req02. | L18: Check application context (local variables) and stack pointer after invocation of the SCST library. Safety measure is expected to be implemented on application side. | Q18: =IF(ISBLANK($L18),FALSE,ISNA(VLOOKUP($L18,'Requirements derivation'!$A$2:$A$193,1,FALSE))) -> FALSE | R18: =IF(ISBLANK($L18),FALSE,(ISBLANK(VLOOKUP($L18,'Requirements derivation'!$A$2:$B$193,2,FALSE)))) -> FALSE | S18: =IF(ISBLANK($L18),FALSE,(ISBLANK(VLOOKUP($L18,'Requirements derivation'!$A$2:$C$193,3,FALSE)))) -> FALSE
E19: Corrupted RAM memory dedicated to stack. | L19: The memory sections of the SCST Library shall be placed in ECC-protected memory or other memory corruption detection mechanism shall be used. Safety measure is expected to be implemented on application side. | Q19: =IF(ISBLANK($L19),FALSE,ISNA(VLOOKUP($L19,'Requirements derivation'!$A$2:$A$193,1,FALSE))) -> FALSE | R19: =IF(ISBLANK($L19),FALSE,(ISBLANK(VLOOKUP($L19,'Requirements derivation'!$A$2:$B$193,2,FALSE)))) -> FALSE | S19: =IF(ISBLANK($L19),FALSE,(ISBLANK(VLOOKUP($L19,'Requirements derivation'!$A$2:$C$193,3,FALSE)))) -> FALSE
E20: Corrupted memory (RAM/ROM) the M4 SCST Library code is executed from. | Q20: =IF(ISBLANK($L20),FALSE,ISNA(VLOOKUP($L20,'Requirements derivation'!$A$2:$A$193,1,FALSE))) -> FALSE | R20: =IF(ISBLANK($L20),FALSE,(ISBLANK(VLOOKUP($L20,'Requirements derivation'!$A$2:$B$193,2,FALSE)))) -> FALSE | S20: =IF(ISBLANK($L20),FALSE,(ISBLANK(VLOOKUP($L20,'Requirements derivation'!$A$2:$C$193,3,FALSE)))) -> FALSE
C21: M4 SCST Library erroneously corrupts application data. | E21: Core HW fault during execution of the SCST Library. | G21: - | I21: Incorrect functioning of application due to data corruption. Violates safety requirement SC_SCST_Req02. | L21: Use of application data protection or corruption detection mechanism after invocation of the SCST library. Safety measure is expected to be implemented on application side. | Q21: =IF(ISBLANK($L21),FALSE,ISNA(VLOOKUP($L21,'Requirements derivation'!$A$2:$A$193,1,FALSE))) -> FALSE | R21: =IF(ISBLANK($L21),FALSE,(ISBLANK(VLOOKUP($L21,'Requirements derivation'!$A$2:$B$193,2,FALSE)))) -> FALSE | S21: =IF(ISBLANK($L21),FALSE,(ISBLANK(VLOOKUP($L21,'Requirements derivation'!$A$2:$C$193,3,FALSE)))) -> FALSE
E22: Corrupted memory (RAM/ROM) the M4 SCST Library code is executed from. | G22: - | L22: The memory sections of the SCST Library shall be placed in ECC-protected memory or other memory corruption detection mechanism shall be used. Safety measure is expected to be implemented on application side. | Q22: =IF(ISBLANK($L22),FALSE,ISNA(VLOOKUP($L22,'Requirements derivation'!$A$2:$A$193,1,FALSE))) -> FALSE | R22: =IF(ISBLANK($L22),FALSE,(ISBLANK(VLOOKUP($L22,'Requirements derivation'!$A$2:$B$193,2,FALSE)))) -> FALSE | S22: =IF(ISBLANK($L22),FALSE,(ISBLANK(VLOOKUP($L22,'Requirements derivation'!$A$2:$C$193,3,FALSE)))) -> FALSE
C23: M4 SCST Library corrupts special purpose or device configuration registers. | E23: Core HW fault during execution of the SCST Library. | G23: The initial context of the device is read incorrectly due to a Core HW fault. | I23: Incorrect functioning of application due to device configuration. Violates safety requirement SC_SCST_Req02. | L23: Use of special purpose and device configuration register protection or corruption detection mechanism after invocation of the SCST library. Safety measure is expected to be implemented on application side. | Q23: =IF(ISBLANK($L23),FALSE,ISNA(VLOOKUP($L23,'Requirements derivation'!$A$2:$A$193,1,FALSE))) -> FALSE | R23: =IF(ISBLANK($L23),FALSE,(ISBLANK(VLOOKUP($L23,'Requirements derivation'!$A$2:$B$193,2,FALSE)))) -> FALSE | S23: =IF(ISBLANK($L23),FALSE,(ISBLANK(VLOOKUP($L23,'Requirements derivation'!$A$2:$C$193,3,FALSE)))) -> FALSE
G24: The context of the device is restored incorrectly due to a HW fault. | Q24: =IF(ISBLANK($L24),FALSE,ISNA(VLOOKUP($L24,'Requirements derivation'!$A$2:$A$193,1,FALSE))) -> FALSE | R24: =IF(ISBLANK($L24),FALSE,(ISBLANK(VLOOKUP($L24,'Requirements derivation'!$A$2:$B$193,2,FALSE)))) -> FALSE | S24: =IF(ISBLANK($L24),FALSE,(ISBLANK(VLOOKUP($L24,'Requirements derivation'!$A$2:$C$193,3,FALSE)))) -> FALSE
G25: HW fault prevents the SCST Library from correct execution and restoring the context of the device. | Q25: =IF(ISBLANK($L25),FALSE,ISNA(VLOOKUP($L25,'Requirements derivation'!$A$2:$A$193,1,FALSE))) -> FALSE | R25: =IF(ISBLANK($L25),FALSE,(ISBLANK(VLOOKUP($L25,'Requirements derivation'!$A$2:$B$193,2,FALSE)))) -> FALSE | S25: =IF(ISBLANK($L25),FALSE,(ISBLANK(VLOOKUP($L25,'Requirements derivation'!$A$2:$C$193,3,FALSE)))) -> FALSE
E26: Corrupted RAM memory. | G26: The initial context of the device read by SCST Library is stored into a corrupted RAM memory. | L26: The memory sections of the SCST Library shall be placed in ECC-protected memory or other memory corruption detection mechanism shall be used. Safety measure is expected to be implemented on application side. | Q26: =IF(ISBLANK($L26),FALSE,ISNA(VLOOKUP($L26,'Requirements derivation'!$A$2:$A$193,1,FALSE))) -> FALSE | R26: =IF(ISBLANK($L26),FALSE,(ISBLANK(VLOOKUP($L26,'Requirements derivation'!$A$2:$B$193,2,FALSE)))) -> FALSE | S26: =IF(ISBLANK($L26),FALSE,(ISBLANK(VLOOKUP($L26,'Requirements derivation'!$A$2:$C$193,3,FALSE)))) -> FALSE
E27: Corrupted memory (RAM/ROM) the M4 SCST Library code is executed from. | G27: SCST Library opcode is corrupted due to a fault in memory and causes corruption or incorrect restoring of device context. | Q27: =IF(ISBLANK($L27),FALSE,ISNA(VLOOKUP($L27,'Requirements derivation'!$A$2:$A$193,1,FALSE))) -> FALSE | R27: =IF(ISBLANK($L27),FALSE,(ISBLANK(VLOOKUP($L27,'Requirements derivation'!$A$2:$B$193,2,FALSE)))) -> FALSE | S27: =IF(ISBLANK($L27),FALSE,(ISBLANK(VLOOKUP($L27,'Requirements derivation'!$A$2:$C$193,3,FALSE)))) -> FALSE
C28: M4 SCST Library erroneously disables interrupts or erroneously enables disabled interrupts. | E28: Core HW fault during execution of the SCST Library. | G28: The initial content of the NVIC Interrupt Set-Enable Register is read/written incorrectly due to a Core HW fault. | I28: Incorrect functioning of application due to disabled or wrongly enabled interrupts. Violates safety requirement SC_SCST_Req02. | L28: Check Interrupt Controller configuration and core interrupt mask and priority registers or use other mechanism for detecting missing interrupts. Safety measure is expected to be implemented on application side. | Q28: =IF(ISBLANK($L28),FALSE,ISNA(VLOOKUP($L28,'Requirements derivation'!$A$2:$A$193,1,FALSE))) -> FALSE | R28: =IF(ISBLANK($L28),FALSE,(ISBLANK(VLOOKUP($L28,'Requirements derivation'!$A$2:$B$193,2,FALSE)))) -> FALSE | S28: =IF(ISBLANK($L28),FALSE,(ISBLANK(VLOOKUP($L28,'Requirements derivation'!$A$2:$C$193,3,FALSE)))) -> FALSE
E29: Corrupted RAM memory. | G29: The initial content of the NVIC Interrupt Set-Enable Register is stored into a corrupted RAM memory. | L29: The memory sections of the SCST Library shall be placed in ECC-protected memory or other memory corruption detection mechanism shall be used. Safety measure is expected to be implemented on application side. | Q29: =IF(ISBLANK($L29),FALSE,ISNA(VLOOKUP($L29,'Requirements derivation'!$A$2:$A$193,1,FALSE))) -> FALSE | R29: =IF(ISBLANK($L29),FALSE,(ISBLANK(VLOOKUP($L29,'Requirements derivation'!$A$2:$B$193,2,FALSE)))) -> FALSE | S29: =IF(ISBLANK($L29),FALSE,(ISBLANK(VLOOKUP($L29,'Requirements derivation'!$A$2:$C$193,3,FALSE)))) -> FALSE
E30: Corrupted memory (RAM/ROM) the M4 SCST Library code is executed from. | G30: SCST Library opcode is corrupted due to a fault in memory and causes incorrect restoring of the NVIC Interrupt Set-Enable Register register. | Q30: =IF(ISBLANK($L30),FALSE,ISNA(VLOOKUP($L30,'Requirements derivation'!$A$2:$A$193,1,FALSE))) -> FALSE | R30: =IF(ISBLANK($L30),FALSE,(ISBLANK(VLOOKUP($L30,'Requirements derivation'!$A$2:$B$193,2,FALSE)))) -> FALSE | S30: =IF(ISBLANK($L30),FALSE,(ISBLANK(VLOOKUP($L30,'Requirements derivation'!$A$2:$C$193,3,FALSE)))) -> FALSE
C31: M4 SCST Library erroneously restores user application ISR vector table. | E31: Core HW fault during execution of the SCST Library | G31: The M4 SCST Library either writes corrupted value into the VTOR register or leaves M4 SCST Library vector table value. | I31: Interrupts/exceptions are directed to wrong location due to wrong VTOR register value. Interrupt latency is higher because interrupts are routed through M4 SCST Interrupt vector table. Violates safety requirement SC_SCST_Req02. | L31: Check VTOR register value after invocation of the SCST library or use other mechanism for detecting incorrectly serviced interrupts or too long interrupts. Safety measure is expected to be implemented on application side. | Q31: =IF(ISBLANK($L31),FALSE,ISNA(VLOOKUP($L31,'Requirements derivation'!$A$2:$A$193,1,FALSE))) -> FALSE | R31: =IF(ISBLANK($L31),FALSE,(ISBLANK(VLOOKUP($L31,'Requirements derivation'!$A$2:$B$193,2,FALSE)))) -> FALSE | S31: =IF(ISBLANK($L31),FALSE,(ISBLANK(VLOOKUP($L31,'Requirements derivation'!$A$2:$C$193,3,FALSE)))) -> FALSE
E32: Corrupted memory (RAM/ROM) the M4 SCST Library code is executed from. | G32: The M4 SCST Library either writes corrupted value into the VTOR register or leaves M4 SCST Library vector table value. | L32: The memory sections of the SCST Library shall be placed in ECC-protected memory or other memory corruption detection mechanism shall be used. Safety measure is expected to be implemented on application side. | Q32: =IF(ISBLANK($L32),FALSE,ISNA(VLOOKUP($L32,'Requirements derivation'!$A$2:$A$193,1,FALSE))) -> FALSE | R32: =IF(ISBLANK($L32),FALSE,(ISBLANK(VLOOKUP($L32,'Requirements derivation'!$A$2:$B$193,2,FALSE)))) -> FALSE | S32: =IF(ISBLANK($L32),FALSE,(ISBLANK(VLOOKUP($L32,'Requirements derivation'!$A$2:$C$193,3,FALSE)))) -> FALSE
E33: Corrupted RAM memory. | G33: SCST Library writes corrupted value into the VTOR register. | Q33: =IF(ISBLANK($L33),FALSE,ISNA(VLOOKUP($L33,'Requirements derivation'!$A$2:$A$193,1,FALSE))) -> FALSE | R33: =IF(ISBLANK($L33),FALSE,(ISBLANK(VLOOKUP($L33,'Requirements derivation'!$A$2:$B$193,2,FALSE)))) -> FALSE | S33: =IF(ISBLANK($L33),FALSE,(ISBLANK(VLOOKUP($L33,'Requirements derivation'!$A$2:$C$193,3,FALSE)))) -> FALSE
C34: M4 SCST Library erroneously generates interrupt/exception. | E34: Core HW fault during execution of the SCST Library | G34: SCST Library does not recognize exception triggered by SCST Library for testing purposes and forwards this exception to user application service routine. | I34: Occurrence of unexpected interrupt/exception. Violates safety requirement SC_SCST_Req02. | L34: User application shall decide whether interrupt is expected or not. The application is responsible to provide an appropriate response for exceptions. Safety measure is expected to be implemented on application side. | Q34: =IF(ISBLANK($L34),FALSE,ISNA(VLOOKUP($L34,'Requirements derivation'!$A$2:$A$193,1,FALSE))) -> FALSE | R34: =IF(ISBLANK($L34),FALSE,(ISBLANK(VLOOKUP($L34,'Requirements derivation'!$A$2:$B$193,2,FALSE)))) -> FALSE | S34: =IF(ISBLANK($L34),FALSE,(ISBLANK(VLOOKUP($L34,'Requirements derivation'!$A$2:$C$193,3,FALSE)))) -> FALSE
E35: Corrupted RAM memory dedicated to stack . | L35: The memory sections of the SCST Library shall be placed in ECC-protected memory or other memory corruption detection mechanism shall be used. Safety measure is expected to be implemented on application side. | Q35: =IF(ISBLANK($L35),FALSE,ISNA(VLOOKUP($L35,'Requirements derivation'!$A$2:$A$193,1,FALSE))) -> FALSE | R35: =IF(ISBLANK($L35),FALSE,(ISBLANK(VLOOKUP($L35,'Requirements derivation'!$A$2:$B$193,2,FALSE)))) -> FALSE | S35: =IF(ISBLANK($L35),FALSE,(ISBLANK(VLOOKUP($L35,'Requirements derivation'!$A$2:$C$193,3,FALSE)))) -> FALSE
E36: Corrupted memory (RAM/ROM) the M4 SCST Library code is executed from. | G36: SCST Library opcode is corrupted which causes exception generation. | Q36: =IF(ISBLANK($L36),FALSE,ISNA(VLOOKUP($L36,'Requirements derivation'!$A$2:$A$193,1,FALSE))) -> FALSE | R36: =IF(ISBLANK($L36),FALSE,(ISBLANK(VLOOKUP($L36,'Requirements derivation'!$A$2:$B$193,2,FALSE)))) -> FALSE | S36: =IF(ISBLANK($L36),FALSE,(ISBLANK(VLOOKUP($L36,'Requirements derivation'!$A$2:$C$193,3,FALSE)))) -> FALSE
C37: M4 SCST Library is executed longer than expected or does not return control to application (time interference, performance degradation). | E37: HW fault during execution of the M4 SCST Library. | G37: - | I37: Missed or delayed processing of events, violation of FTTI. Violates safety requirement SC_SCST_Req02. | L37: Use watchdog timer or any other timing facilities for detecting longer execution time of the SCST library. Safety measure is expected to be implemented on application side. | Q37: =IF(ISBLANK($L37),FALSE,ISNA(VLOOKUP($L37,'Requirements derivation'!$A$2:$A$193,1,FALSE))) -> FALSE | R37: =IF(ISBLANK($L37),FALSE,(ISBLANK(VLOOKUP($L37,'Requirements derivation'!$A$2:$B$193,2,FALSE)))) -> FALSE | S37: =IF(ISBLANK($L37),FALSE,(ISBLANK(VLOOKUP($L37,'Requirements derivation'!$A$2:$C$193,3,FALSE)))) -> FALSE
A38: End of document

Sheet Requirements derivation
A1: Detection / Prevention Mechanism (from Software FMEA) | B1: SW safety requirement ID | C1: To be implemented in: | E1: Helper column | F1: Helper column - Safety Manual Requirement
A2: Every test shall return a unique 32-bit result which can be used for differentiating correct and erroneous test execution. (REQ_M4_SCST_05) | B2: M4_SCST_SA_Req01 | C2: M4 SCST library | E2: =IF(ISBLANK($B2), FALSE, MATCH($B2,$B$2:$B$193,0)<>(ROW()-1)) -> FALSE | F2: n/a
A3: The SCST library shall return an aggregated 32-bit result of all the tests requested for execution if none of the tests fails. The aggregation shall be done by the means of XOR operation. (REQ_M4_SCST_06) | B3: M4_SCST_SA_Req02 | C3: M4 SCST library | E3: =IF(ISBLANK($B3), FALSE, MATCH($B3,$B$2:$B$193,0)<>(ROW()-1)) -> FALSE | F3: n/a
A4: Application should use aggregated test result for making test completion and test passed/test failed decision. Safety measure is expected to be implemented on application side. | B4: M4_SCST_SA_Req03 | C4: Customer application | E4: =IF(ISBLANK($B4), FALSE, MATCH($B4,$B$2:$B$193,0)<>(ROW()-1)) -> FALSE | F4: Application should use aggregated test result for making test completion and test passed/test failed decision. Safety measure is expected to be implemented on application side.
A5: If application requests multiple tests for execution, the tests should be grouped in the way that aggregated result for each group of tests is unique.Safety measure is expected to be implemented on application side. | B5: M4_SCST_SA_Req04 | C5: Customer application | E5: =IF(ISBLANK($B5), FALSE, MATCH($B5,$B$2:$B$193,0)<>(ROW()-1)) -> FALSE | F5: If application requests multiple tests for execution, the tests should be grouped in the way that aggregated result for each group of tests is unique.Safety measure is expected to be implemented on application side
A6: Use watchdog timer or any other timing facilities for detecting longer execution time of the SCST library. Safety measure is expected to be implemented on application side. | B6: M4_SCST_SA_Req05 | C6: Customer application | E6: =IF(ISBLANK($B6), FALSE, MATCH($B6,$B$2:$B$193,0)<>(ROW()-1)) -> FALSE | F6: The SCST Library may exceed expected execution time due to HW fault. Use watchdog timer or any other timing facilities for detecting longer execution time of the SCST library. Safety measure is expected to be implemented on application side.
A7: The SCST library shall not store correct result of the tests in direct form. The reference test results, stored in internal array, shall be derived from a test execution result produced in a fault-free case by applying a non-trivial transformation function. (REQ_M4_SCST_07) | B7: M4_SCST_SA_Req06 | C7: M4 SCST library | E7: =IF(ISBLANK($B7), FALSE, MATCH($B7,$B$2:$B$193,0)<>(ROW()-1)) -> FALSE | F7: n/a
A8: Use of control flow monitoring or other measures for detecting incorrect return from the SCST library. Safety measure is expected to be implemented on application side. | B8: M4_SCST_SA_Req07 | C8: Customer application | E8: =IF(ISBLANK($B8), FALSE, MATCH($B8,$B$2:$B$193,0)<>(ROW()-1)) -> FALSE | F8: The SCST Library may erroneously return control to the wrong location of the application code due to HW fault. Use of control flow monitoring or other measures for detecting incorrect return from the SCST library. Safety measure is expected to be implemented on application side.
A9: The SCST library shall return control and execution result of the first failed test out of the requested for execution set of test (REQ_M4_SCST_03). | B9: M4_SCST_SA_Req08 | C9: M4 SCST library | E9: =IF(ISBLANK($B9), FALSE, MATCH($B9,$B$2:$B$193,0)<>(ROW()-1)) -> FALSE | F9: n/a
A10: Tests shall be implemented in the way to avoid or minimize possible fault masking (REQ_M4_SCST_15, REQ_M4_SCST_16). | B10: M4_SCST_SA_Req09 | C10: M4 SCST library | E10: =IF(ISBLANK($B10), FALSE, MATCH($B10,$B$2:$B$193,0)<>(ROW()-1)) -> FALSE | F10: n/a
A11: Check application context (local variables) and stack pointer after invocation of the SCST library. Safety measure is expected to be implemented on application side. | B11: M4_SCST_SA_Req10 | C11: Customer application | E11: =IF(ISBLANK($B11), FALSE, MATCH($B11,$B$2:$B$193,0)<>(ROW()-1)) -> FALSE | F11: The SCST Library may corrupt application context due to HW fault. Check application context (local variables) and stack pointer after invocation of the SCST library. Safety measure is expected to be implemented on application side.
A12: The memory sections of the SCST Library shall be placed in ECC-protected memory or other memory corruption detection mechanism shall be used. Safety measure is expected to be implemented on application side. | B12: M4_SCST_SA_Req11 | C12: Customer application | E12: =IF(ISBLANK($B12), FALSE, MATCH($B12,$B$2:$B$193,0)<>(ROW()-1)) -> FALSE | F12: The SCST Library shall not be executed from corrupted memory. The memory sections of the SCST Library shall be placed in ECC-protected memory or other memory corruption detection mechanism shall be used. Safety measure is expected to be implemented on application side.
A13: Use of application data protection or corruption detection mechanism after invocation of the SCST library. Safety measure is expected to be implemented on application side. | B13: M4_SCST_SA_Req12 | C13: Customer application | E13: =IF(ISBLANK($B13), FALSE, MATCH($B13,$B$2:$B$193,0)<>(ROW()-1)) -> FALSE | F13: The SCST Library may erroneously corrupt application data due to HW fault. Use of application data protection or corruption detection mechanism after invocation of the SCST library. Safety measure is expected to be implemented on application side.
... A17: User application shall decide whether interrupt is expected or not. The application is responsible to provide an appropriate response for exceptions. Safety measure is expected to be implemented on application side. | B17: M4_SCST_SA_Req16 | C17: Customer application | E17: =IF(ISBLANK($B17), FALSE, MATCH($B17,$B$2:$B$193,0)<>(ROW()-1)) -> FALSE | F17: The SCST Library may erroneously generate interrupt/exception due to HW fault. User application shall decide whether interrupt is expected or not. The application is responsible to provide an appropriate response for exceptions. Safety measure is expected to be implemented on application side.

Sheet Consist. Checks
A1: Cells in the "6. Detection / Prevention Mechanism" column on the "Software FMEA" sheet can be automatically formatted as described below:
A4: <text> | B4: - given detection / prevention mechanism cannot be found in the "Requirements derivation" sheet.
A6: <text> | B6: - given detection / prevention mechanism is available in the "Requirements derivation" sheet, but the corresponding safety requirement has no identifier (i.e. the corresponding cell in the "Safety Analysis Requirement ID" column in the "Requirements derivation" sheet is empty).
A9: <text> | B9: - given detection / prevention mechanism is available in the "Requirements derivation" sheet, but the corresponding safety requirement has no identifier (i.e. the corresponding cell in the "To be implemented in:" column in the "Requirements derivation" sheet is empty).
A13: <text> | B13: - no consistency check violation is identified for given detection / prevention mechanism.
A16: Cells in the "SW safety requirement ID" column on the "Requirements derivation" sheet can be automatically formatted as described below:
A19: << Req. ID >> | B19: - this requirement ID appears multiple times in the column.
A20: << Req. ID >> | B20: - no consistency check violation is detected for this requirement ID.
